-- phpMyAdmin SQL Dump
-- version 4.7.4
-- https://www.phpmyadmin.net/
--
-- Host: 127.0.0.1:3306
-- Generation Time: Jan 23, 2018 at 12:58 PM
-- Server version: 5.7.19
-- PHP Version: 5.6.31

SET SQL_MODE = "NO_AUTO_VALUE_ON_ZERO";
SET AUTOCOMMIT = 0;
START TRANSACTION;
SET time_zone = "+00:00";


/*!40101 SET @OLD_CHARACTER_SET_CLIENT=@@CHARACTER_SET_CLIENT */;
/*!40101 SET @OLD_CHARACTER_SET_RESULTS=@@CHARACTER_SET_RESULTS */;
/*!40101 SET @OLD_COLLATION_CONNECTION=@@COLLATION_CONNECTION */;
/*!40101 SET NAMES utf8mb4 */;

--
-- Database: `training_center`
--

-- --------------------------------------------------------

--
-- Table structure for table `courses`
--

DROP TABLE IF EXISTS `courses`;
CREATE TABLE IF NOT EXISTS `courses` (
  `cid` int(11) NOT NULL AUTO_INCREMENT,
  `course_name` varchar(255) NOT NULL,
  `hours` int(11) NOT NULL,
  `start_date` date NOT NULL,
  `end_date` date NOT NULL,
  PRIMARY KEY (`cid`)
) ENGINE=InnoDB AUTO_INCREMENT=146 DEFAULT CHARSET=utf8;

--
-- Dumping data for table `courses`
--

INSERT INTO `courses` (`cid`, `course_name`, `hours`, `start_date`, `end_date`) VALUES
(96, 'vel', 35, '1984-05-30', '1971-04-18'),
(97, 'dolor', 50, '1982-08-19', '1972-07-01'),
(98, 'voluptatem', 11, '1976-11-24', '1989-02-01'),
(99, 'adipisci', 34, '1993-02-09', '1985-04-21'),
(100, 'modi', 60, '2015-03-05', '2017-04-16'),
(101, 'sed', 95, '2017-03-26', '2011-03-15'),
(103, 'sapiente', 74, '1984-01-07', '2005-09-21'),
(104, 'fugiat', 28, '1984-02-15', '2015-11-25'),
(105, 'est', 78, '1987-08-05', '2008-05-24'),
(106, 'quo', 18, '2010-04-30', '1998-03-15'),
(107, 'consectetur', 78, '2005-06-01', '2001-10-14'),
(108, 'aperiam', 68, '1976-02-15', '1989-12-12'),
(109, 'qui', 12, '1979-08-16', '1979-09-10'),
(110, 'rerum', 43, '2009-04-17', '2012-05-09'),
(111, 'dolores', 95, '2001-06-10', '1974-05-30'),
(112, 'id', 65, '1995-10-15', '1995-10-08'),
(113, 'inventore', 91, '1997-03-18', '1998-01-13'),
(114, 'excepturi', 24, '2016-09-21', '1983-09-04'),
(115, 'aut', 99, '1984-03-29', '2014-07-23'),
(116, 'quis', 28, '1995-08-17', '1989-07-17'),
(117, 'dolorum', 58, '1994-10-08', '1973-01-07'),
(118, 'cupiditate', 87, '1983-05-15', '1972-09-02'),
(119, 'qui', 47, '1995-11-28', '1979-04-03'),
(120, 'ad', 76, '2017-10-21', '1983-11-16'),
(121, 'voluptate', 33, '1975-01-15', '1994-12-27'),
(122, 'qui', 10, '1984-02-28', '1993-05-13'),
(123, 'nostrum', 11, '2017-07-31', '1985-02-04'),
(124, 'eveniet', 68, '1985-01-29', '1996-05-27'),
(125, 'sed', 19, '1978-10-23', '2009-11-28'),
(126, 'nesciunt', 49, '1995-09-06', '1997-08-01'),
(127, 'unde', 12, '1992-12-12', '1970-08-20'),
(128, 'qui', 83, '1987-04-12', '1989-07-05'),
(129, 'officia', 43, '2002-12-28', '1999-11-19'),
(130, 'quis', 36, '1997-05-11', '1971-09-29'),
(131, 'cumque', 39, '1984-07-23', '1979-06-28'),
(132, 'pariatur', 98, '1990-12-25', '1998-05-21'),
(133, 'illum', 76, '1997-04-17', '2003-01-30'),
(134, 'nemo', 76, '1997-03-30', '1977-01-11'),
(135, 'nam', 76, '1991-11-22', '1988-01-13'),
(136, 'vel', 67, '1988-02-11', '2008-07-16'),
(137, 'doloribus', 51, '1986-10-29', '2016-09-06'),
(138, 'necessitatibus', 30, '1996-03-16', '1986-08-03'),
(139, 'omnis', 18, '1992-01-03', '1982-07-22'),
(140, 'et', 48, '1991-02-27', '1974-06-10'),
(141, 'alias', 27, '1997-05-26', '1983-04-21'),
(142, 'cupiditate', 82, '2006-01-02', '2004-04-22'),
(143, 'ut', 73, '1980-04-18', '1973-09-29'),
(144, 'molestiae', 26, '1996-04-15', '2008-04-04'),
(145, 'neque', 34, '1997-08-23', '2011-01-21');

-- --------------------------------------------------------

--
-- Table structure for table `students`
--

DROP TABLE IF EXISTS `students`;
CREATE TABLE IF NOT EXISTS `students` (
  `sid` int(11) NOT NULL AUTO_INCREMENT,
  `first_name` varchar(255) NOT NULL,
  `last_name` varchar(255) NOT NULL,
  `age` int(11) NOT NULL,
  `gender` varchar(20) NOT NULL,
  `phone_number` varchar(20) NOT NULL,
  PRIMARY KEY (`sid`)
) ENGINE=InnoDB AUTO_INCREMENT=1000 DEFAULT CHARSET=utf8;

--
-- Dumping data for table `students`
--

INSERT INTO `students` (`sid`, `first_name`, `last_name`, `age`, `gender`, `phone_number`) VALUES
(1, 'Travon', 'Shanahan', 32, 'Female', '466.009.7554'),
(2, 'Justine', 'Johns', 21, 'Male', '582.055.8157x64619'),
(3, 'Karli', 'Johns', 28, 'Female', '131.966.4791'),
(4, 'Antonetta', 'Davis', 29, 'Female', '(524)269-2282x9976'),
(5, 'Destiney', 'Bahringer', 15, 'Male', '1-591-350-3883x358'),
(6, 'Jevon', 'Bradtke', 21, 'Male', '000-654-8588x864'),
(7, 'Thea', 'Hagenes', 11, 'Male', '+49(3)0476081055'),
(8, 'Curtis', 'Crist', 21, 'Male', '(055)327-0380x58167'),
(9, 'Janessa', 'Grant', 10, 'Female', '1-945-003-5448'),
(10, 'Anabelle', 'Schaden', 38, 'Female', '06028333681'),
(11, 'Adrien', 'Quigley', 15, 'Female', '198-448-8092'),
(12, 'Parker', 'Rohan', 27, 'Male', '034.800.2067'),
(13, 'Macie', 'Orn', 26, 'Male', '1-033-818-6119x20518'),
(14, 'Jesus', 'Leffler', 11, 'Male', '376-887-0559x1097'),
(15, 'Watson', 'Fadel', 37, 'Male', '(939)126-9694x89005'),
(16, 'Valentin', 'Hagenes', 32, 'Male', '1-472-386-3356x0956'),
(17, 'Luisa', 'Lesch', 10, 'Male', '854-333-4768'),
(18, 'Spencer', 'Prohaska', 24, 'Male', '+87(9)0617865914'),
(19, 'Irma', 'Bergstrom', 23, 'Female', '647-426-0739x7674'),
(20, 'Timmy', 'Feil', 26, 'Male', '874-378-6293'),
(21, 'Sandrine', 'Turcotte', 31, 'Female', '090-707-1752x578'),
(22, 'Judson', 'Kuphal', 29, 'Female', '(466)987-8931'),
(23, 'Aidan', 'Mueller', 33, 'Male', '180-351-2146'),
(24, 'Colt', 'Spinka', 11, 'Male', '652-481-2750x4173'),
(25, 'Ava', 'Heidenreich', 35, 'Female', '+32(0)7851096768'),
(26, 'Lorenz', 'Bosco', 13, 'Male', '00776560502'),
(27, 'Ben', 'Sawayn', 20, 'Male', '792-992-7576x90653'),
(28, 'Tracy', 'Mante', 24, 'Female', '1-898-499-6440'),
(29, 'Eloisa', 'Collier', 38, 'Female', '+56(7)3042896287'),
(30, 'Amari', 'Brown', 16, 'Female', '(357)949-8250x58917'),
(31, 'Kenya', 'Bogan', 10, 'Male', '09052146151'),
(32, 'Jewel', 'Ebert', 17, 'Female', '650-243-9496x3472'),
(33, 'Eliseo', 'Wilkinson', 23, 'Male', '412-366-4201'),
(34, 'Violet', 'Hirthe', 17, 'Male', '943-253-9567x563'),
(35, 'Maxime', 'Rosenbaum', 27, 'Female', '436.240.2200'),
(36, 'Estella', 'Raynor', 16, 'Female', '(885)978-1494x77421'),
(37, 'Gina', 'Kunde', 31, 'Male', '1-874-184-6500x183'),
(38, 'Rosa', 'Ondricka', 24, 'Male', '320-907-3197'),
(39, 'Christa', 'Armstrong', 17, 'Female', '1-568-180-6332'),
(40, 'Lesly', 'Rodriguez', 33, 'Female', '038.667.4150'),
(41, 'Chelsey', 'Wilderman', 38, 'Female', '081.148.3938x06248'),
(42, 'Ryan', 'Runolfsson', 19, 'Female', '1-412-122-7179'),
(43, 'Anahi', 'Bechtelar', 38, 'Female', '562.175.9147x15567'),
(44, 'Kaelyn', 'Klocko', 20, 'Male', '829-866-3588x48564'),
(45, 'Milo', 'Harvey', 22, 'Female', '564.235.8963'),
(46, 'Ford', 'Hane', 34, 'Male', '(108)947-4912'),
(47, 'Willy', 'Nitzsche', 23, 'Female', '(448)689-1144x1554'),
(48, 'Ashtyn', 'Lowe', 40, 'Female', '+26(0)6602969865'),
(49, 'Elmo', 'Fahey', 40, 'Male', '(452)013-5447'),
(50, 'Vernon', 'Terry', 33, 'Male', '927-907-2135'),
(51, 'Francis', 'Jakubowski', 16, 'Female', '(435)065-4179'),
(52, 'Angie', 'Abernathy', 22, 'Male', '(962)305-1891x25924'),
(53, 'Kristoffer', 'Simonis', 16, 'Male', '015.554.9581x5539'),
(54, 'Lloyd', 'Gislason', 39, 'Male', '(421)199-8040x59850'),
(55, 'Mervin', 'Stamm', 36, 'Female', '(888)254-2644x48758'),
(56, 'Caterina', 'Hermann', 11, 'Male', '013-668-9165'),
(57, 'Daniella', 'Gleichner', 27, 'Male', '843-874-0802x45362'),
(58, 'Nicolette', 'Kihn', 32, 'Female', '615-762-8112x4787'),
(59, 'Kamille', 'Champlin', 13, 'Male', '398-447-8699x1497'),
(60, 'Rosalind', 'Predovic', 20, 'Female', '1-414-491-3566'),
(61, 'Norberto', 'Jerde', 36, 'Male', '1-177-235-7370x60503'),
(62, 'Brenna', 'Marks', 22, 'Male', '1-945-230-8433'),
(63, 'Marisa', 'Hintz', 40, 'Female', '05746555107'),
(64, 'Zetta', 'Greenfelder', 30, 'Female', '1-560-313-6735x3305'),
(65, 'Cristal', 'Bashirian', 25, 'Male', '1-092-986-3748'),
(66, 'Zack', 'Kuhlman', 21, 'Female', '029-233-1430x66522'),
(67, 'Melyna', 'Heidenreich', 11, 'Female', '(898)014-3277x2121'),
(68, 'Misty', 'Rogahn', 24, 'Male', '(402)043-8134'),
(69, 'Freddy', 'Cassin', 14, 'Female', '(126)665-8373x14363'),
(70, 'Reuben', 'Christiansen', 32, 'Female', '1-304-106-0995x21900'),
(71, 'Sibyl', 'Simonis', 11, 'Male', '(198)666-2393'),
(72, 'Virgie', 'Windler', 27, 'Female', '922-217-8108'),
(73, 'Scotty', 'Hermann', 23, 'Female', '(089)658-0135'),
(74, 'Oscar', 'Hegmann', 31, 'Female', '922.612.1796x752'),
(75, 'Cedrick', 'Lesch', 18, 'Male', '505-270-3921x21048'),
(76, 'Jaida', 'Pollich', 26, 'Male', '080.264.5057x1711'),
(77, 'Susan', 'Luettgen', 30, 'Male', '995.706.9323'),
(78, 'Billy', 'Hoppe', 23, 'Female', '133.218.4847'),
(79, 'Bradley', 'Schroeder', 21, 'Female', '+25(5)5164282125'),
(80, 'Conrad', 'Botsford', 31, 'Male', '651.147.5117'),
(81, 'Marilou', 'Heidenreich', 15, 'Female', '250-314-7030x63177'),
(82, 'Keyon', 'Dare', 27, 'Male', '1-074-927-7657x655'),
(83, 'Sienna', 'Bednar', 12, 'Male', '1-902-832-9018'),
(84, 'Coralie', 'Murphy', 18, 'Female', '627-238-3973'),
(85, 'Wade', 'Bartell', 24, 'Male', '572-830-2906'),
(86, 'Kody', 'Kovacek', 19, 'Male', '+21(8)2655070942'),
(87, 'Quincy', 'Walker', 40, 'Female', '115-602-7852'),
(88, 'Holly', 'Leannon', 26, 'Male', '738-168-0660'),
(89, 'Lisandro', 'Altenwerth', 16, 'Female', '1-568-884-6073x2741'),
(90, 'Amy', 'Carroll', 19, 'Female', '(799)172-4031'),
(91, 'Eloisa', 'Barrows', 19, 'Male', '785.726.7369'),
(92, 'Bernardo', 'Cremin', 25, 'Male', '+35(6)6778411730'),
(93, 'Shad', 'Huel', 17, 'Female', '+69(2)4852700563'),
(94, 'Verdie', 'Dibbert', 16, 'Male', '(192)954-4867x6190'),
(95, 'Tyree', 'Parker', 11, 'Male', '(058)527-7432'),
(96, 'Bobbie', 'Powlowski', 22, 'Male', '+69(6)3449873558'),
(97, 'Forest', 'Kiehn', 18, 'Male', '908.528.6359x455'),
(98, 'Kennith', 'Smitham', 31, 'Female', '959-152-4091'),
(99, 'Braxton', 'Pouros', 25, 'Female', '493.274.1434'),
(100, 'Alfred', 'Keebler', 29, 'Female', '1-056-425-7122x7924'),
(101, 'Jamaal', 'Flatley', 13, 'Female', '1-860-559-0533x86921'),
(102, 'Keshawn', 'Ritchie', 10, 'Female', '(560)382-5162x0708'),
(103, 'Lori', 'Sporer', 11, 'Female', '900.564.7427x72289'),
(104, 'Moses', 'Wisoky', 23, 'Female', '1-563-075-6177x46457'),
(105, 'Nicholas', 'Langosh', 20, 'Male', '05091759725'),
(106, 'Frieda', 'Howell', 40, 'Female', '(626)147-6962x7941'),
(107, 'Alessia', 'Russel', 25, 'Male', '071.030.6119'),
(108, 'Georgette', 'Gutmann', 36, 'Female', '1-769-949-8767'),
(109, 'Gladyce', 'O\'Hara', 25, 'Male', '1-738-717-1702x3465'),
(110, 'Ibrahim', 'Bayer', 15, 'Male', '(226)971-6051x33494'),
(111, 'Samara', 'Brown', 34, 'Male', '1-029-676-7844'),
(112, 'Dee', 'Hayes', 22, 'Male', '06430489750'),
(113, 'Asa', 'Swift', 18, 'Male', '(251)342-8578x86424'),
(114, 'Lourdes', 'Lind', 23, 'Female', '1-497-801-7003x5109'),
(115, 'Ariane', 'Romaguera', 19, 'Female', '(431)871-2950'),
(116, 'Kelly', 'Effertz', 19, 'Female', '037-119-8802'),
(117, 'Percival', 'Jacobson', 36, 'Female', '1-636-543-3619x68941'),
(118, 'Ceasar', 'Streich', 38, 'Male', '06128665189'),
(119, 'Everett', 'Ortiz', 37, 'Female', '(656)967-5398'),
(120, 'Arlie', 'Schaden', 40, 'Male', '(686)660-1426'),
(121, 'Daniela', 'Adams', 21, 'Female', '769.453.0274x88025'),
(122, 'Jerrell', 'Connelly', 31, 'Male', '014-914-2429x700'),
(123, 'River', 'Toy', 12, 'Female', '1-089-393-7587'),
(124, 'Audreanne', 'Hagenes', 16, 'Male', '544-797-3669x3596'),
(125, 'Devonte', 'Schroeder', 36, 'Male', '(321)073-4346'),
(126, 'Randy', 'Kreiger', 11, 'Male', '1-234-524-1640'),
(127, 'Van', 'Graham', 26, 'Female', '425.658.5777'),
(128, 'Sierra', 'Douglas', 23, 'Female', '043.523.0268x372'),
(129, 'Esther', 'Schuppe', 18, 'Female', '247-822-1633x6117'),
(130, 'Josie', 'Hansen', 34, 'Male', '747-194-9141x7607'),
(131, 'Price', 'Pollich', 11, 'Male', '1-039-953-6619'),
(132, 'Mozelle', 'Leannon', 32, 'Male', '1-220-558-8521'),
(133, 'Carmine', 'Waelchi', 35, 'Male', '358.809.4765'),
(134, 'Leanna', 'Willms', 26, 'Male', '1-320-347-3475x18243'),
(135, 'Adriel', 'Gerhold', 28, 'Male', '09384032124'),
(136, 'Harvey', 'Bergnaum', 40, 'Male', '(535)862-1496x54731'),
(137, 'Nickolas', 'Hackett', 37, 'Male', '981-641-3045'),
(138, 'Michele', 'Miller', 31, 'Female', '+33(3)2337875526'),
(139, 'Ross', 'Koepp', 16, 'Male', '+00(8)4166325421'),
(140, 'Coby', 'Abbott', 32, 'Female', '698-046-4790'),
(141, 'Maxie', 'Halvorson', 39, 'Female', '821-243-9891'),
(142, 'Freeman', 'Emmerich', 23, 'Male', '606-527-5665'),
(143, 'Kariane', 'Koepp', 36, 'Male', '04384402126'),
(144, 'Arnulfo', 'Stroman', 25, 'Female', '295-628-3137'),
(145, 'Daisy', 'Conroy', 17, 'Female', '1-052-338-2800x55781'),
(146, 'Esperanza', 'Kuvalis', 32, 'Male', '+05(5)9660890940'),
(147, 'Jannie', 'Moore', 13, 'Female', '1-108-380-9052x419'),
(148, 'Garrick', 'Flatley', 26, 'Male', '(624)634-3106x37328'),
(149, 'Westley', 'Turner', 13, 'Male', '(766)913-1824x62835'),
(150, 'Mariane', 'Schulist', 18, 'Female', '(732)745-4653'),
(151, 'Elenor', 'Collins', 33, 'Female', '1-387-005-3623x5978'),
(152, 'Norris', 'Stoltenberg', 31, 'Male', '071-068-5868'),
(153, 'Merlin', 'Koelpin', 25, 'Female', '+98(8)0537764298'),
(154, 'Dustin', 'Stiedemann', 11, 'Female', '001-017-5794'),
(155, 'Neil', 'Greenholt', 21, 'Female', '(582)190-8243x1487'),
(156, 'Germaine', 'Flatley', 14, 'Male', '+93(0)8144752763'),
(157, 'Lavinia', 'O\'Keefe', 34, 'Male', '+87(3)9263745188'),
(158, 'Devante', 'Toy', 10, 'Female', '(811)247-6979x29888'),
(159, 'Emelie', 'Beier', 40, 'Male', '1-111-152-9894'),
(160, 'Melisa', 'Cartwright', 35, 'Female', '544-574-9720x07900'),
(161, 'Fanny', 'Schneider', 27, 'Male', '337.077.5569'),
(162, 'Augusta', 'Hayes', 20, 'Female', '(928)816-4834'),
(163, 'Payton', 'Bode', 15, 'Female', '1-781-661-9965'),
(164, 'Keshaun', 'Morissette', 26, 'Male', '00095874444'),
(165, 'Jerrod', 'Cartwright', 26, 'Male', '038.801.7968x50614'),
(166, 'Hester', 'Jacobson', 13, 'Male', '+25(7)0508843299'),
(167, 'Roxanne', 'Hirthe', 29, 'Male', '1-400-997-6729'),
(168, 'Muhammad', 'Olson', 11, 'Female', '982-410-6147x334'),
(169, 'Josh', 'Heller', 28, 'Female', '716.374.6787x2809'),
(170, 'Teresa', 'Barrows', 34, 'Female', '459.154.2647'),
(171, 'Francesca', 'Renner', 18, 'Male', '1-040-554-3311'),
(172, 'Griffin', 'Gislason', 38, 'Male', '08009370431'),
(173, 'Nikita', 'Quitzon', 21, 'Female', '+13(1)7977505080'),
(174, 'Vicente', 'Pagac', 19, 'Male', '1-431-657-1324x4028'),
(175, 'Linnie', 'Schulist', 24, 'Female', '252.771.1510x87687'),
(176, 'Eugenia', 'Koch', 22, 'Female', '458.324.6221'),
(177, 'Litzy', 'Bernier', 28, 'Male', '+66(3)2231349799'),
(178, 'Perry', 'Carroll', 22, 'Female', '(949)328-4239'),
(179, 'Mariane', 'Hammes', 26, 'Female', '671-337-8104'),
(180, 'Abbigail', 'McClure', 38, 'Male', '+96(9)5936280013'),
(181, 'Aleen', 'Durgan', 10, 'Female', '(552)428-0816'),
(182, 'Barton', 'Pacocha', 22, 'Female', '1-179-188-1128x773'),
(183, 'Nathen', 'Stehr', 23, 'Female', '1-278-614-2622x988'),
(184, 'Lily', 'Johnson', 33, 'Male', '04735532978'),
(185, 'Vincenzo', 'Bode', 20, 'Male', '936-283-5787'),
(186, 'Tyra', 'Kassulke', 29, 'Male', '528.959.2097'),
(187, 'Burdette', 'Mraz', 33, 'Male', '611-210-0856'),
(188, 'Rasheed', 'Steuber', 10, 'Female', '(105)744-3257x0213'),
(189, 'Serenity', 'Cummings', 27, 'Female', '1-693-020-2614'),
(190, 'Nicolette', 'Russel', 14, 'Male', '(263)420-4240x53562'),
(191, 'Lenora', 'Sawayn', 17, 'Female', '(737)942-5238'),
(192, 'Novella', 'Parker', 35, 'Female', '421.350.6598x60410'),
(193, 'Molly', 'Gaylord', 20, 'Female', '(395)179-2187x62896'),
(194, 'Tina', 'Greenfelder', 10, 'Male', '307.199.5291x8959'),
(195, 'Camille', 'Lebsack', 20, 'Male', '1-257-195-6460x11694'),
(196, 'Jensen', 'Moen', 14, 'Male', '470.848.2545x90264'),
(197, 'Albertha', 'Hammes', 21, 'Male', '062-958-6635x020'),
(198, 'Betsy', 'Ledner', 24, 'Male', '(612)173-7234'),
(199, 'Henry', 'Russel', 10, 'Male', '607.276.4934x275'),
(200, 'Zion', 'Gerhold', 25, 'Male', '1-322-538-3874x11671'),
(201, 'Delta', 'Goyette', 19, 'Female', '893.288.6762'),
(202, 'Ahmad', 'Barrows', 32, 'Female', '(503)580-8614'),
(203, 'Bryana', 'Block', 19, 'Female', '322.435.8972'),
(204, 'Gudrun', 'Streich', 11, 'Male', '1-204-866-7571'),
(205, 'Chyna', 'Hermiston', 26, 'Male', '05339442742'),
(206, 'Emanuel', 'McCullough', 31, 'Female', '363-484-7472'),
(207, 'Tremaine', 'Pouros', 12, 'Male', '+88(9)2514242000'),
(208, 'Brisa', 'Kassulke', 28, 'Female', '1-900-713-2057x300'),
(209, 'Flavio', 'Schinner', 35, 'Female', '+71(2)6336622505'),
(210, 'Dario', 'Glover', 19, 'Female', '920.161.2075'),
(211, 'Hans', 'Orn', 26, 'Female', '1-100-181-1090'),
(212, 'Sydnie', 'Dibbert', 27, 'Male', '760.989.1486x262'),
(213, 'Gail', 'Koch', 30, 'Female', '1-716-119-3781x44851'),
(214, 'Abelardo', 'Homenick', 34, 'Female', '705-545-0656x641'),
(215, 'Estell', 'Schuppe', 26, 'Male', '(923)124-3593x34597'),
(216, 'Ahmad', 'Langworth', 34, 'Female', '458.724.2415x360'),
(217, 'Clementine', 'Frami', 21, 'Female', '04108045543'),
(218, 'Brain', 'Conroy', 35, 'Female', '331.012.2430'),
(219, 'Jada', 'Bernier', 14, 'Female', '1-627-617-3609'),
(220, 'Porter', 'Hauck', 10, 'Male', '1-500-526-4300'),
(221, 'Lexi', 'Orn', 15, 'Female', '398.453.0136'),
(222, 'Aleen', 'O\'Hara', 37, 'Female', '348-669-5095'),
(223, 'Gwendolyn', 'Jerde', 22, 'Female', '(869)684-1878'),
(224, 'Jerry', 'Feil', 37, 'Male', '317.055.4304'),
(225, 'Jeanie', 'Kautzer', 36, 'Male', '(923)543-0400'),
(226, 'Grace', 'Murray', 23, 'Female', '(158)675-7329'),
(227, 'Deondre', 'Hermann', 25, 'Male', '366.428.0120x4817'),
(228, 'Kellen', 'Gibson', 21, 'Female', '+93(0)5330921224'),
(229, 'Giuseppe', 'Marquardt', 13, 'Female', '+66(6)6762758983'),
(230, 'Madelyn', 'Crist', 36, 'Female', '343.831.4056'),
(231, 'Macy', 'Maggio', 26, 'Female', '1-187-709-8970'),
(232, 'Marjolaine', 'Gulgowski', 13, 'Male', '+85(1)9015519168'),
(233, 'Vicente', 'O\'Connell', 21, 'Male', '(337)329-7720'),
(234, 'Alexanne', 'Stokes', 12, 'Male', '482.106.2434x9481'),
(235, 'Aric', 'Mitchell', 14, 'Male', '070-525-3918'),
(236, 'Brandyn', 'Spinka', 19, 'Male', '05919310203'),
(237, 'Max', 'Hand', 10, 'Male', '(136)710-8361'),
(238, 'Marilie', 'Hamill', 40, 'Male', '1-766-200-5543'),
(239, 'Karley', 'Spinka', 27, 'Male', '077-176-9539'),
(240, 'Nakia', 'Murazik', 25, 'Male', '933.816.7694x520'),
(241, 'Genoveva', 'Bernhard', 11, 'Female', '605.782.0174x88197'),
(242, 'Alec', 'McKenzie', 35, 'Male', '039-759-6373'),
(243, 'Myriam', 'Weber', 15, 'Male', '+67(0)6292296069'),
(244, 'Marcella', 'Macejkovic', 13, 'Female', '1-959-946-1934x6050'),
(245, 'Clinton', 'Carroll', 23, 'Male', '08414346656'),
(246, 'Drew', 'Roob', 31, 'Female', '1-257-787-2060x971'),
(247, 'Effie', 'Howell', 25, 'Male', '(349)954-7459x755'),
(248, 'Kyleigh', 'Haag', 40, 'Female', '736-035-6763x4257'),
(249, 'Selena', 'Cronin', 33, 'Female', '1-478-299-0738'),
(250, 'Anahi', 'Kovacek', 14, 'Male', '890.466.0842'),
(251, 'Mohammed', 'Mosciski', 12, 'Male', '417-028-3327'),
(252, 'Myrtle', 'Block', 16, 'Male', '(183)035-4072x8438'),
(253, 'Meaghan', 'Dach', 35, 'Female', '01494605902'),
(254, 'Baylee', 'Langosh', 26, 'Male', '1-651-445-2471x606'),
(255, 'Coralie', 'Eichmann', 16, 'Female', '336-342-6160x363'),
(256, 'Jayden', 'Kihn', 33, 'Female', '09243456918'),
(257, 'Eugenia', 'Toy', 29, 'Male', '(070)314-9777'),
(258, 'Jonatan', 'Ebert', 19, 'Female', '079-003-4085x53079'),
(259, 'Aditya', 'Kertzmann', 12, 'Male', '640.968.5478x790'),
(260, 'Casimer', 'Kuhlman', 38, 'Female', '(856)332-7408'),
(261, 'Jamey', 'Bashirian', 37, 'Male', '(123)890-2987x4877'),
(262, 'Palma', 'Volkman', 27, 'Male', '+24(6)6916961911'),
(263, 'Conor', 'Bernhard', 35, 'Male', '033-486-3695'),
(264, 'Kay', 'Harvey', 28, 'Male', '1-540-465-2145x98749'),
(265, 'Efrain', 'Strosin', 34, 'Male', '(578)520-2798x1453'),
(266, 'Harrison', 'Williamson', 38, 'Female', '361-316-4297x39230'),
(267, 'Tomasa', 'Mraz', 24, 'Female', '(356)795-0936x542'),
(268, 'Gabriella', 'Graham', 17, 'Male', '1-649-214-9515'),
(269, 'Meggie', 'Homenick', 22, 'Male', '911-047-9800'),
(270, 'Elsa', 'Nader', 17, 'Female', '00418803130'),
(271, 'Shyanne', 'Mraz', 23, 'Female', '627.721.3672'),
(272, 'Mina', 'Weber', 19, 'Male', '626.924.8053'),
(273, 'Deven', 'Johnston', 16, 'Male', '+69(6)7880760694'),
(274, 'Jesus', 'Marks', 16, 'Male', '1-035-701-8495'),
(275, 'Roosevelt', 'Murphy', 39, 'Female', '+90(5)5158554148'),
(276, 'Kaylee', 'Mann', 38, 'Male', '(885)347-9858x454'),
(277, 'Mitchell', 'Kutch', 26, 'Female', '+06(8)4376470109'),
(278, 'Tressie', 'Brekke', 23, 'Male', '1-685-359-4797x64828'),
(279, 'Nicola', 'Wehner', 32, 'Female', '324-428-4474x939'),
(280, 'Kiera', 'Okuneva', 15, 'Female', '+92(6)9085644668'),
(281, 'Keon', 'Farrell', 37, 'Male', '001.642.2265'),
(282, 'Carolanne', 'Hintz', 26, 'Male', '(564)906-5754x03590'),
(283, 'Denis', 'Nicolas', 29, 'Male', '(390)358-4453'),
(284, 'Eula', 'Ritchie', 19, 'Male', '+27(5)6607228807'),
(285, 'Frieda', 'Fritsch', 23, 'Female', '+93(0)5425980071'),
(286, 'Emil', 'Brown', 25, 'Male', '1-164-482-4095x655'),
(287, 'Joyce', 'Yost', 32, 'Male', '220-526-0232x18061'),
(288, 'Donnie', 'Brekke', 24, 'Male', '+90(9)8523787748'),
(289, 'Daniella', 'Hane', 24, 'Female', '04090559023'),
(290, 'Charles', 'Wuckert', 25, 'Male', '+77(5)7550577115'),
(291, 'Maude', 'Quigley', 27, 'Female', '457.503.6227x6826'),
(292, 'Kenya', 'Jones', 15, 'Male', '240.728.3636'),
(293, 'Norene', 'Schmitt', 29, 'Female', '04260419787'),
(294, 'Freeman', 'Rohan', 35, 'Male', '676-685-0940x64587'),
(295, 'Rosalee', 'Friesen', 24, 'Female', '746.861.4672x009'),
(296, 'Yasmine', 'Herzog', 30, 'Female', '796-317-5165'),
(297, 'Perry', 'Lemke', 33, 'Female', '1-859-332-8437'),
(298, 'Aurore', 'Kozey', 34, 'Female', '663-690-7694x67106'),
(299, 'Jamarcus', 'Gerlach', 20, 'Male', '(814)928-4036'),
(300, 'Enid', 'Cummings', 16, 'Female', '931-434-3028x35808'),
(301, 'Lauryn', 'Halvorson', 25, 'Female', '(456)541-8988x26283'),
(302, 'Urban', 'Padberg', 13, 'Male', '08968851718'),
(303, 'Toney', 'Abshire', 10, 'Male', '1-433-578-5490x546'),
(304, 'Shanny', 'Kohler', 28, 'Male', '1-761-914-5518x8071'),
(305, 'Crystel', 'Ritchie', 33, 'Female', '+48(4)3383593286'),
(306, 'Thea', 'Oberbrunner', 40, 'Female', '(855)354-2771'),
(307, 'Mustafa', 'Cruickshank', 32, 'Female', '088-102-1327x85842'),
(308, 'Barbara', 'Wehner', 16, 'Male', '588-440-0114x827'),
(309, 'Aurelio', 'Pagac', 27, 'Male', '962-982-2914'),
(310, 'Orlo', 'Heathcote', 27, 'Female', '03818733928'),
(311, 'Wilber', 'Ward', 24, 'Male', '(934)715-1380'),
(312, 'Ambrose', 'Bashirian', 36, 'Female', '134-417-2759x9489'),
(313, 'Estell', 'Hilpert', 18, 'Male', '922.276.0623x20897'),
(314, 'Myra', 'Franecki', 26, 'Female', '224.367.4508x2267'),
(315, 'Pattie', 'Corkery', 19, 'Female', '007.886.9481'),
(316, 'Annabell', 'Morar', 11, 'Female', '491-204-5261x657'),
(317, 'Maud', 'Kunde', 36, 'Female', '09971805539'),
(318, 'Rosa', 'Donnelly', 35, 'Female', '1-692-225-9982'),
(319, 'Eliane', 'Franecki', 25, 'Male', '(840)197-1697'),
(320, 'Annette', 'Goldner', 35, 'Female', '1-212-258-0508x01711'),
(321, 'Sammy', 'Dach', 26, 'Female', '894-562-3390x0477'),
(322, 'Lelah', 'O\'Hara', 31, 'Male', '09853180646'),
(323, 'Ernest', 'Block', 24, 'Male', '1-145-119-7520x1933'),
(324, 'Kiley', 'Dare', 38, 'Male', '824-026-8852x60067'),
(325, 'Chelsie', 'Klein', 17, 'Female', '276.375.5821'),
(326, 'Chester', 'Heidenreich', 29, 'Female', '396.648.8336'),
(327, 'Lewis', 'Senger', 28, 'Female', '1-897-496-9340x21036'),
(328, 'Pink', 'Moen', 19, 'Female', '+83(6)3672882017'),
(329, 'Estrella', 'Fay', 24, 'Male', '(709)864-5464x89752'),
(330, 'Garland', 'Jacobi', 12, 'Female', '(442)324-5854x70597'),
(331, 'Sydnie', 'Koss', 23, 'Female', '+04(4)7160858137'),
(332, 'Reese', 'Breitenberg', 21, 'Male', '(769)967-8532x579'),
(333, 'Cleveland', 'Kilback', 27, 'Female', '712.758.9666x85942'),
(334, 'Holly', 'Bergnaum', 24, 'Male', '+17(5)1618055038'),
(335, 'Cayla', 'Beahan', 37, 'Male', '355-454-0425x54834'),
(336, 'Houston', 'Grady', 22, 'Female', '1-996-124-3698x617'),
(337, 'Katherine', 'Keebler', 38, 'Male', '(751)934-1597'),
(338, 'Delbert', 'Mueller', 21, 'Female', '1-554-234-7712x41988'),
(339, 'Arnulfo', 'Hettinger', 23, 'Female', '07071067926'),
(340, 'Rodger', 'Koelpin', 31, 'Male', '218.222.7350x7752'),
(341, 'Terence', 'Breitenberg', 35, 'Male', '668.954.9805x6244'),
(342, 'Evert', 'Smitham', 11, 'Male', '967-395-8565x3224'),
(343, 'Jack', 'Mosciski', 28, 'Male', '1-534-500-5528'),
(344, 'Johnny', 'Lind', 19, 'Female', '(343)114-1167x716'),
(345, 'Cameron', 'VonRueden', 16, 'Male', '02895626582'),
(346, 'Donny', 'Hoppe', 22, 'Male', '807.651.2174x750'),
(347, 'Lily', 'Labadie', 18, 'Male', '115.908.1568x60827'),
(348, 'Solon', 'Rau', 31, 'Female', '(383)399-7032'),
(349, 'Kylee', 'Crist', 31, 'Male', '294-232-2328x5080'),
(350, 'Valentin', 'D\'Amore', 12, 'Female', '05126460114'),
(351, 'Vladimir', 'Botsford', 30, 'Female', '(385)793-2083'),
(352, 'Brendon', 'Beatty', 21, 'Female', '(111)109-0919x005'),
(353, 'Eula', 'Streich', 24, 'Female', '+72(8)1059710353'),
(354, 'Scot', 'Schaefer', 31, 'Male', '05042249309'),
(355, 'Kameron', 'Nolan', 23, 'Female', '682-382-7134'),
(356, 'Lewis', 'Wintheiser', 14, 'Female', '1-092-925-6454x992'),
(357, 'Olen', 'Parisian', 15, 'Female', '05072269086'),
(358, 'Kendall', 'Bernier', 36, 'Male', '1-635-995-0136x521'),
(359, 'Karianne', 'Mraz', 31, 'Female', '(898)703-4018x210'),
(360, 'Jorge', 'Blanda', 26, 'Male', '1-424-155-0897'),
(361, 'Zelma', 'Dickinson', 38, 'Female', '1-231-735-4193'),
(362, 'Neal', 'DuBuque', 38, 'Male', '1-978-285-5772'),
(363, 'Gerson', 'Ferry', 14, 'Male', '223-193-4399x9590'),
(364, 'Brett', 'Dickens', 11, 'Male', '1-851-369-9099x88786'),
(365, 'Sarai', 'Ryan', 29, 'Male', '(984)538-2117'),
(366, 'Leif', 'Oberbrunner', 39, 'Female', '794.756.2099'),
(367, 'Cory', 'Dickinson', 10, 'Female', '1-172-847-4480'),
(368, 'Evie', 'Hammes', 36, 'Male', '166-880-5218'),
(369, 'Heber', 'Tremblay', 17, 'Male', '796.945.9474x526'),
(370, 'Alden', 'Kilback', 21, 'Male', '002-444-5184'),
(371, 'Maci', 'Johns', 30, 'Male', '497-625-9608x290'),
(372, 'Arnold', 'Kulas', 12, 'Female', '524.739.7225'),
(373, 'Brenden', 'Bernier', 16, 'Male', '482-977-8004x85355'),
(374, 'Erich', 'VonRueden', 18, 'Female', '959.275.0911x82908'),
(375, 'Josefa', 'Effertz', 28, 'Female', '611.155.6440x0499'),
(376, 'Christ', 'Stracke', 35, 'Female', '+31(4)6957570260'),
(377, 'Yvette', 'Thiel', 21, 'Female', '1-726-067-5906x686'),
(378, 'Niko', 'Tillman', 35, 'Male', '08871775318'),
(379, 'Lysanne', 'Wilkinson', 20, 'Female', '841-925-0165'),
(380, 'Emmett', 'Runolfsson', 21, 'Female', '791.703.4780x91614'),
(381, 'Soledad', 'Kovacek', 27, 'Male', '(474)296-2671'),
(382, 'Buster', 'Schumm', 25, 'Female', '1-840-483-0705'),
(383, 'Hazel', 'Wuckert', 26, 'Female', '+86(7)7073246491'),
(384, 'Isom', 'Kshlerin', 28, 'Female', '+73(5)1966492580'),
(385, 'Lorine', 'Crona', 38, 'Female', '1-283-440-1186x688'),
(386, 'Amaya', 'Kuphal', 30, 'Female', '(257)841-4906'),
(387, 'Theresa', 'D\'Amore', 16, 'Male', '420.717.8854x28088'),
(388, 'Destany', 'Boyer', 38, 'Male', '096.102.5133x184'),
(389, 'Matilde', 'Lockman', 14, 'Male', '+06(8)8866118859'),
(390, 'Justus', 'Mills', 15, 'Male', '502.111.8512x011'),
(391, 'Cornell', 'Rau', 23, 'Female', '04045735568'),
(392, 'Darrick', 'Fay', 33, 'Female', '(417)425-6893x992'),
(393, 'Aliza', 'Ondricka', 14, 'Male', '1-781-020-6065'),
(394, 'Lisette', 'Crist', 21, 'Male', '(322)399-5238x84773'),
(395, 'Rickey', 'Dickinson', 13, 'Male', '1-241-592-2518'),
(396, 'Zachary', 'Runolfsson', 20, 'Female', '(083)866-0966x287'),
(397, 'Hallie', 'Gleason', 27, 'Male', '(527)720-9736x76784'),
(398, 'Abigale', 'Okuneva', 30, 'Female', '1-400-774-1448x605'),
(399, 'Enos', 'Wintheiser', 13, 'Male', '(683)521-4083'),
(400, 'Gina', 'Paucek', 19, 'Female', '1-031-653-1297x339'),
(401, 'Dudley', 'Hudson', 38, 'Male', '(006)363-4475'),
(402, 'Gene', 'Huel', 23, 'Female', '505.555.0359x0484'),
(403, 'Marguerite', 'Schinner', 27, 'Male', '517.419.7260x336'),
(404, 'Flavio', 'Hamill', 28, 'Female', '351.050.4223x583'),
(405, 'Mittie', 'Davis', 34, 'Male', '05350518118'),
(406, 'Jovany', 'Christiansen', 23, 'Male', '565-012-9234x537'),
(407, 'Orpha', 'Cartwright', 15, 'Male', '(929)702-7668x7705'),
(408, 'Holly', 'Hessel', 27, 'Male', '+91(8)0135734689'),
(409, 'Cristian', 'Feeney', 15, 'Female', '567.130.0518x98777'),
(410, 'Hilario', 'Parker', 11, 'Male', '986-222-9706'),
(411, 'Zora', 'Lindgren', 11, 'Male', '342.408.8768'),
(412, 'Beaulah', 'Funk', 40, 'Male', '+90(1)7857009460'),
(413, 'Loyal', 'Volkman', 15, 'Female', '990-989-3491x50568'),
(414, 'Gaston', 'Sporer', 15, 'Male', '(745)380-3006x330'),
(415, 'Gunner', 'Greenholt', 36, 'Male', '(570)440-4111x43892'),
(416, 'Rebeka', 'Hilpert', 25, 'Female', '1-361-343-3817x78699'),
(417, 'Ethel', 'Bartoletti', 24, 'Female', '05439228597'),
(418, 'Van', 'Rippin', 24, 'Female', '870-766-7315'),
(419, 'Enrique', 'Zulauf', 38, 'Female', '1-907-532-8876x973'),
(420, 'Eino', 'Friesen', 25, 'Female', '998.024.6404x422'),
(421, 'Maxie', 'Kautzer', 36, 'Male', '+47(4)6056435070'),
(422, 'Donnie', 'Jakubowski', 28, 'Male', '562.833.9088x442'),
(423, 'Jody', 'Sanford', 29, 'Male', '1-762-954-5659x8040'),
(424, 'Angel', 'McDermott', 27, 'Female', '1-154-718-7908x9625'),
(425, 'Aditya', 'Veum', 40, 'Male', '1-323-658-3133'),
(426, 'Noemy', 'Adams', 37, 'Female', '253-152-4641x48785'),
(427, 'Carmella', 'Dickinson', 18, 'Male', '869-129-7452'),
(428, 'Meta', 'White', 39, 'Male', '+42(6)8802166990'),
(429, 'Alicia', 'Hilll', 33, 'Female', '1-104-270-2642x3524'),
(430, 'Caesar', 'Rau', 21, 'Female', '809.404.8961'),
(431, 'Mckayla', 'Lakin', 29, 'Female', '582.255.3635x5170'),
(432, 'Ramon', 'King', 35, 'Male', '485.623.6588'),
(433, 'Enid', 'Schroeder', 21, 'Female', '07067988299'),
(434, 'Alfonso', 'Fahey', 15, 'Female', '242-156-6745x345'),
(435, 'Rory', 'Reichel', 27, 'Female', '(896)624-3156'),
(436, 'Pierre', 'Blanda', 12, 'Female', '514-132-4024'),
(437, 'Jarrell', 'Jones', 16, 'Female', '346.658.6967'),
(438, 'Glennie', 'Feeney', 35, 'Female', '(200)662-9875'),
(439, 'Richie', 'Skiles', 33, 'Female', '675.815.8531'),
(440, 'Richard', 'Howe', 26, 'Female', '569-216-0723x08458'),
(441, 'Jannie', 'Miller', 33, 'Male', '156-433-0431'),
(442, 'Jaunita', 'Mann', 40, 'Male', '461.310.7787x7585'),
(443, 'Isobel', 'Keebler', 29, 'Male', '110.189.8572'),
(444, 'Kieran', 'Mayert', 23, 'Female', '1-248-218-8296x68615'),
(445, 'Oma', 'Hegmann', 30, 'Female', '949.005.6938'),
(446, 'Dayana', 'Wilkinson', 33, 'Female', '00645089447'),
(447, 'Zora', 'Lind', 22, 'Female', '282-338-6304x5129'),
(448, 'Talon', 'Paucek', 34, 'Female', '455-547-9522'),
(449, 'Duane', 'Yost', 21, 'Male', '867.841.5360x695'),
(450, 'Owen', 'Schmidt', 31, 'Male', '05709688973'),
(451, 'Dimitri', 'Lakin', 10, 'Male', '(119)732-2561x7157'),
(452, 'Alexis', 'Gerhold', 12, 'Male', '478.955.3930x5602'),
(453, 'Tara', 'Ullrich', 39, 'Female', '+95(6)6746860925'),
(454, 'Liza', 'Langworth', 39, 'Male', '222.358.4656'),
(455, 'Jade', 'Gerlach', 11, 'Male', '268-757-1351'),
(456, 'Madalyn', 'Schimmel', 17, 'Female', '(117)744-8562x6788'),
(457, 'Anabel', 'Hilll', 35, 'Male', '05880278213'),
(458, 'Frankie', 'Gutmann', 16, 'Male', '547.838.6780x50013'),
(459, 'Adrain', 'Russel', 23, 'Male', '164.680.9209x255'),
(460, 'Kathleen', 'Dare', 34, 'Female', '1-288-659-6481x29270'),
(461, 'Berta', 'Hand', 13, 'Female', '803.629.2655x0428'),
(462, 'Jazmyn', 'Hamill', 10, 'Female', '243-998-0575x178'),
(463, 'Malvina', 'Hammes', 24, 'Male', '1-800-985-3614x8601'),
(464, 'Kristian', 'Medhurst', 33, 'Female', '015-106-6273x8268'),
(465, 'Jacques', 'Bins', 12, 'Male', '(128)925-1104'),
(466, 'Kira', 'Hickle', 15, 'Female', '1-791-348-4867'),
(467, 'Chauncey', 'Walsh', 31, 'Male', '906-717-6037'),
(468, 'Sharon', 'Price', 12, 'Male', '(155)337-8818x950'),
(469, 'Darby', 'Kerluke', 37, 'Male', '252.691.6537x094'),
(470, 'Theodore', 'Carter', 24, 'Female', '627.098.2172x4107'),
(471, 'Camylle', 'Kuhic', 36, 'Male', '362-928-1710x330'),
(472, 'Willy', 'Gleichner', 11, 'Female', '1-957-810-4650'),
(473, 'Brandi', 'Schiller', 23, 'Female', '08640923107'),
(474, 'Calista', 'Weissnat', 33, 'Female', '(559)519-8642'),
(475, 'Nicklaus', 'Bashirian', 18, 'Female', '1-710-728-1792x395'),
(476, 'Torey', 'Keebler', 29, 'Female', '875.657.0137x334'),
(477, 'Josianne', 'Treutel', 20, 'Male', '06298481898'),
(478, 'Yesenia', 'Terry', 28, 'Male', '(653)541-3495'),
(479, 'Veda', 'Harvey', 23, 'Female', '+20(7)5093148327'),
(480, 'Rosendo', 'Crona', 15, 'Male', '(486)293-7946x02013'),
(481, 'Virgie', 'Harvey', 38, 'Female', '177.236.9018x941'),
(482, 'Efren', 'Blanda', 32, 'Female', '124.380.6547'),
(483, 'Megane', 'Stracke', 40, 'Male', '933.079.6081'),
(484, 'Ceasar', 'Kihn', 35, 'Female', '347-988-5758x7363'),
(485, 'Chloe', 'Mante', 34, 'Male', '971-201-0679x4019'),
(486, 'Columbus', 'Leuschke', 26, 'Female', '(690)909-3501x599'),
(487, 'Herman', 'Hilll', 27, 'Male', '937-884-1724x42951'),
(488, 'Jovani', 'Brakus', 37, 'Female', '+98(3)7586428057'),
(489, 'Ocie', 'Will', 26, 'Male', '(567)243-1058x40722'),
(490, 'Catalina', 'Hickle', 21, 'Male', '295.810.3425x80530'),
(491, 'Wilfred', 'Jacobs', 12, 'Female', '464.399.7951x191'),
(492, 'Ewald', 'Johnston', 38, 'Male', '+63(3)2574218388'),
(493, 'Hilton', 'Weimann', 22, 'Male', '1-506-536-2199x8242'),
(494, 'Rashawn', 'Kreiger', 29, 'Female', '1-153-008-9263'),
(495, 'Houston', 'Kemmer', 25, 'Male', '700.732.8720'),
(496, 'Linwood', 'Turner', 35, 'Female', '(711)935-8409x30927'),
(497, 'Zelma', 'Carter', 11, 'Male', '(395)663-5399x9498'),
(498, 'Elvie', 'Kunze', 14, 'Male', '(333)550-9116'),
(499, 'Chyna', 'Reinger', 24, 'Male', '826-231-0555x74158'),
(500, 'Shakira', 'Crona', 10, 'Female', '1-508-896-1112x431'),
(501, 'Santina', 'Ward', 39, 'Female', '+43(4)3218907339'),
(502, 'Derick', 'Reinger', 10, 'Female', '1-671-251-8089x316'),
(503, 'Orie', 'Zemlak', 25, 'Female', '1-073-383-9856x14980'),
(504, 'Nicholas', 'Yundt', 18, 'Male', '1-634-899-7241x15883'),
(505, 'Armando', 'Rippin', 20, 'Female', '(056)243-6147x4782'),
(506, 'Cassie', 'Kertzmann', 21, 'Male', '533.054.8306x48445'),
(507, 'Ayana', 'Wuckert', 18, 'Female', '(817)853-9816x37238'),
(508, 'Hal', 'Fritsch', 36, 'Female', '746-428-8706x1540'),
(509, 'Zelma', 'Kihn', 29, 'Male', '824-669-2247'),
(510, 'Carleton', 'Little', 17, 'Male', '140-194-0207'),
(511, 'Dominic', 'Ratke', 26, 'Female', '440-020-2121x74875'),
(512, 'Lizeth', 'Rice', 39, 'Female', '334.471.8754x83631'),
(513, 'Shanel', 'Paucek', 14, 'Male', '1-964-407-3965'),
(514, 'Sandra', 'McLaughlin', 17, 'Female', '1-887-690-8908'),
(515, 'Mustafa', 'Runte', 13, 'Male', '1-846-111-1563'),
(516, 'Terrance', 'Wintheiser', 36, 'Male', '1-534-231-3497'),
(517, 'Joshua', 'Kuhn', 25, 'Female', '212.132.2599x631'),
(518, 'Lolita', 'Wisozk', 36, 'Male', '(982)303-4327x13569'),
(519, 'Ferne', 'Halvorson', 13, 'Male', '934-709-1617'),
(520, 'Ernestine', 'Dare', 28, 'Female', '974-856-4653'),
(521, 'Reyna', 'Vandervort', 13, 'Male', '828.014.3396'),
(522, 'Elenor', 'Stiedemann', 15, 'Female', '1-762-083-5458x725'),
(523, 'Macie', 'Lockman', 24, 'Female', '821.265.1863x4879'),
(524, 'Halie', 'Ernser', 13, 'Male', '(011)329-0954x92299'),
(525, 'Everett', 'Ebert', 20, 'Female', '(308)318-2020'),
(526, 'Deja', 'Schumm', 14, 'Male', '727-437-3666'),
(527, 'Dorthy', 'Leannon', 14, 'Female', '+34(8)4281096827'),
(528, 'Amber', 'Berge', 35, 'Female', '1-163-021-0830'),
(529, 'Ardith', 'Ritchie', 34, 'Female', '(371)491-0936'),
(530, 'Jayce', 'Bogan', 24, 'Male', '(866)556-2642'),
(531, 'Noe', 'Baumbach', 16, 'Male', '354.847.3753'),
(532, 'Lilla', 'Rohan', 30, 'Female', '040.552.4373'),
(533, 'Samara', 'Hirthe', 26, 'Male', '226-221-7075'),
(534, 'Jean', 'Erdman', 15, 'Female', '(771)087-0831'),
(535, 'Mekhi', 'Abbott', 12, 'Male', '980-469-6411x3282'),
(536, 'Watson', 'Runolfsson', 30, 'Female', '(306)506-0292'),
(537, 'Drew', 'Ziemann', 27, 'Female', '1-744-416-5874x7720'),
(538, 'Mya', 'Rogahn', 13, 'Male', '+99(6)4906756073'),
(539, 'Maureen', 'Parisian', 20, 'Male', '+72(3)7058623704'),
(540, 'Shaniya', 'Herman', 23, 'Male', '024-886-4478'),
(541, 'Nico', 'Koch', 21, 'Female', '725.352.5484x332'),
(542, 'Reece', 'Mayert', 36, 'Male', '1-372-255-9165x7278'),
(543, 'Kara', 'Hamill', 10, 'Male', '721.365.4987'),
(544, 'Velda', 'Gerlach', 39, 'Male', '1-949-581-8127x710'),
(545, 'Theron', 'Willms', 21, 'Male', '+74(0)6415615741'),
(546, 'Foster', 'Brakus', 11, 'Female', '07415679996'),
(547, 'Hannah', 'Lebsack', 24, 'Female', '819-929-5927'),
(548, 'Angus', 'Rodriguez', 33, 'Female', '09473797985'),
(549, 'Allene', 'Hayes', 31, 'Female', '1-878-940-3155x5925'),
(550, 'Kamryn', 'McCullough', 17, 'Male', '(829)577-7301x34014'),
(551, 'Annetta', 'Stracke', 13, 'Male', '1-127-707-1608'),
(552, 'Lionel', 'Beier', 23, 'Male', '685.126.0206x83542'),
(553, 'Nikita', 'Bechtelar', 38, 'Male', '1-317-933-4952'),
(554, 'Arnoldo', 'Schultz', 31, 'Female', '476-083-7448x22334'),
(555, 'Brigitte', 'Christiansen', 18, 'Female', '1-672-610-4360x964'),
(556, 'Onie', 'Grant', 35, 'Female', '1-404-290-5523'),
(557, 'Mossie', 'Muller', 38, 'Female', '02095995246'),
(558, 'Samanta', 'Schulist', 16, 'Female', '366-354-3802x089'),
(559, 'Marquis', 'Schmidt', 21, 'Female', '090-326-8207x14388'),
(560, 'Alison', 'Abbott', 32, 'Male', '519-127-7552'),
(561, 'Candido', 'Parker', 40, 'Male', '1-489-108-8846x9718'),
(562, 'Anahi', 'Gorczany', 28, 'Female', '140-107-3450x99870'),
(563, 'Aisha', 'Hamill', 35, 'Male', '813.195.3778x89235'),
(564, 'Ariane', 'Cummerata', 18, 'Female', '(735)386-7833x877'),
(565, 'Heather', 'Ferry', 40, 'Male', '(447)907-2394x83025'),
(566, 'Wilton', 'Bartoletti', 27, 'Male', '368-042-2118x050'),
(567, 'Trace', 'Leannon', 11, 'Female', '960-000-1364'),
(568, 'Eugene', 'Eichmann', 32, 'Female', '(655)815-5606x47225'),
(569, 'Vidal', 'Leuschke', 13, 'Male', '850-908-5053x493'),
(570, 'Elisa', 'Barrows', 34, 'Female', '639-932-3916'),
(571, 'Charley', 'Wolf', 29, 'Male', '789-455-1825x21836'),
(572, 'Rhoda', 'Murray', 18, 'Male', '(307)891-8745x520'),
(573, 'Christina', 'Hermiston', 16, 'Male', '281.335.4520'),
(574, 'Leslie', 'Dickens', 36, 'Male', '714-682-7794x4752'),
(575, 'Gracie', 'Dooley', 31, 'Female', '+95(9)5215640274'),
(576, 'Caterina', 'Hayes', 11, 'Female', '04970522598'),
(577, 'Micah', 'Sipes', 40, 'Male', '493.775.7990x469'),
(578, 'Camren', 'Tremblay', 22, 'Female', '547.127.9616x68623'),
(579, 'Elwin', 'Green', 25, 'Male', '070.065.4856'),
(580, 'Molly', 'Windler', 13, 'Female', '906-271-1773'),
(581, 'Noemy', 'Toy', 13, 'Female', '018.490.1390x3926'),
(582, 'Keyshawn', 'Monahan', 19, 'Female', '(852)005-5942'),
(583, 'Yadira', 'Prosacco', 16, 'Female', '1-644-258-1703x181'),
(584, 'Dessie', 'Beer', 26, 'Female', '112.571.0850x7872'),
(585, 'Abigale', 'Metz', 26, 'Female', '1-962-773-5457x8565'),
(586, 'Madelynn', 'Haag', 14, 'Male', '00464249669'),
(587, 'Bonnie', 'Johnson', 30, 'Female', '178-644-2673'),
(588, 'Ramiro', 'Schoen', 35, 'Male', '690-781-0321x6313'),
(589, 'Keshawn', 'Langworth', 27, 'Male', '05080781368'),
(590, 'Estrella', 'Herzog', 26, 'Male', '+95(9)4066677675'),
(591, 'Sean', 'Harvey', 30, 'Male', '987-860-7531x01240'),
(592, 'Devonte', 'Emard', 18, 'Male', '092-301-6616'),
(593, 'Loraine', 'Harris', 19, 'Male', '+67(1)2981576201'),
(594, 'Syble', 'Kiehn', 21, 'Male', '1-507-773-7375'),
(595, 'Gaetano', 'Ernser', 27, 'Female', '(167)559-8825x8080'),
(596, 'Aric', 'Quigley', 16, 'Female', '1-039-498-8762'),
(597, 'Eileen', 'Lang', 23, 'Female', '090.988.7272'),
(598, 'Layne', 'Kilback', 38, 'Male', '06578179821'),
(599, 'Alison', 'Smith', 10, 'Male', '225.233.4572'),
(600, 'Golda', 'Moore', 32, 'Female', '(607)177-3472'),
(601, 'Clifford', 'Batz', 17, 'Male', '244.706.0449'),
(602, 'Berenice', 'Considine', 32, 'Male', '627-107-7150x82581'),
(603, 'Lilly', 'Wyman', 25, 'Male', '(257)432-8089'),
(604, 'Derrick', 'Brekke', 19, 'Female', '984-258-8269x57537'),
(605, 'Ethan', 'Cormier', 10, 'Male', '1-243-782-2094x40433'),
(606, 'Earline', 'Langosh', 38, 'Female', '328-154-7560'),
(607, 'Hoyt', 'Wilderman', 29, 'Female', '1-245-963-1095'),
(608, 'Carissa', 'Fay', 11, 'Male', '144.403.4744'),
(609, 'Abe', 'Daugherty', 36, 'Male', '1-193-445-6388'),
(610, 'Rubye', 'Goodwin', 31, 'Male', '443-403-0966x009'),
(611, 'Haven', 'Dickinson', 33, 'Female', '(396)832-7596x92019'),
(612, 'Charley', 'Metz', 40, 'Male', '500.308.0310x81581'),
(613, 'Lisandro', 'Monahan', 23, 'Male', '887-365-1447x696'),
(614, 'Helen', 'Spinka', 30, 'Male', '1-048-856-9309'),
(615, 'Roger', 'Lubowitz', 39, 'Female', '(198)216-0631'),
(616, 'Laron', 'Hoppe', 25, 'Male', '03156036666'),
(617, 'Casandra', 'Yost', 34, 'Male', '729.680.4684x2544'),
(618, 'Rodrigo', 'Buckridge', 11, 'Female', '(255)260-1441'),
(619, 'Quinten', 'Haley', 13, 'Female', '849-426-7027'),
(620, 'Fleta', 'Ondricka', 36, 'Male', '321-434-2147x201'),
(621, 'Jermain', 'Aufderhar', 16, 'Female', '04298063306'),
(622, 'Sierra', 'Schimmel', 31, 'Female', '(784)026-4322x536'),
(623, 'Guiseppe', 'Jacobs', 18, 'Male', '(180)786-4601x0990'),
(624, 'Ona', 'McCullough', 20, 'Male', '1-241-202-8372'),
(625, 'Arielle', 'Wuckert', 40, 'Female', '(213)558-4007'),
(626, 'Elody', 'Hansen', 36, 'Female', '(066)559-1841'),
(627, 'Jasen', 'Trantow', 31, 'Female', '388-176-3913x582'),
(628, 'Shaun', 'Moore', 32, 'Male', '1-039-909-5608'),
(629, 'Elisha', 'Durgan', 30, 'Male', '081-832-1579x11124'),
(630, 'Ryan', 'Grant', 22, 'Female', '1-268-306-7448x84793'),
(631, 'Jermey', 'Klein', 24, 'Female', '587-329-7530x870'),
(632, 'Marques', 'Beahan', 37, 'Male', '02348864562'),
(633, 'Terrill', 'Rath', 38, 'Female', '119.517.6062'),
(634, 'Eliezer', 'Shanahan', 40, 'Male', '+27(9)7842950890'),
(635, 'Marie', 'Herzog', 34, 'Male', '535.676.9862x189'),
(636, 'Desmond', 'Johns', 20, 'Female', '391.186.3725x5031'),
(637, 'Eldridge', 'Kohler', 33, 'Male', '867-150-6755x1314'),
(638, 'Darian', 'Sauer', 26, 'Female', '+15(6)1096890324'),
(639, 'Vida', 'Monahan', 32, 'Male', '09869290753'),
(640, 'Monte', 'Smitham', 18, 'Male', '(000)395-2016x93740'),
(641, 'Charlotte', 'Kozey', 15, 'Female', '+45(0)5415253672'),
(642, 'Tate', 'Carroll', 28, 'Male', '1-810-765-3339'),
(643, 'Palma', 'Mertz', 30, 'Male', '+03(2)3812920979'),
(644, 'Gardner', 'Schroeder', 37, 'Male', '(852)366-0398'),
(645, 'Johanna', 'Eichmann', 39, 'Male', '00882884906'),
(646, 'Hadley', 'Bednar', 13, 'Female', '(088)241-2785'),
(647, 'Julien', 'Koss', 18, 'Male', '03019782047'),
(648, 'Clovis', 'Jenkins', 19, 'Female', '413-663-4809x496'),
(649, 'Donnie', 'Hackett', 21, 'Female', '392-090-5963x5890'),
(650, 'Berniece', 'Lakin', 10, 'Male', '1-383-428-0278x1872'),
(651, 'Freida', 'Gusikowski', 28, 'Male', '09950490973'),
(652, 'Gwen', 'Dooley', 13, 'Male', '105.898.9977x351'),
(653, 'Rudolph', 'Heidenreich', 37, 'Male', '04869336909'),
(654, 'Kayleigh', 'Toy', 14, 'Female', '(586)744-0404'),
(655, 'Louvenia', 'Hane', 21, 'Male', '404-420-0661x72992'),
(656, 'Eudora', 'Ebert', 29, 'Male', '988.998.8167'),
(657, 'Bryana', 'Turcotte', 21, 'Male', '219.843.1452'),
(658, 'Trent', 'Lakin', 16, 'Male', '1-844-752-8998'),
(659, 'Gene', 'Schaden', 38, 'Male', '108-010-7539'),
(660, 'America', 'Moen', 40, 'Female', '+95(2)2773471791'),
(661, 'Hannah', 'DuBuque', 14, 'Male', '866-622-5834'),
(662, 'Tiana', 'Mann', 31, 'Female', '08488606405'),
(663, 'Karine', 'Towne', 10, 'Female', '+78(2)8786251198'),
(664, 'Deshaun', 'Bednar', 23, 'Male', '(465)007-3726x057'),
(665, 'Ellen', 'Jakubowski', 13, 'Male', '421.432.0450'),
(666, 'Mac', 'Haley', 12, 'Female', '756.857.8978x014'),
(667, 'Sonya', 'Murray', 31, 'Male', '05646844389'),
(668, 'Olen', 'Senger', 24, 'Female', '06460872935'),
(669, 'Micaela', 'Gulgowski', 18, 'Female', '1-711-119-0400x5509'),
(670, 'Viola', 'Lang', 38, 'Male', '1-797-757-7690x87553'),
(671, 'Valerie', 'Gutmann', 21, 'Female', '562.145.9363x85302'),
(672, 'Peyton', 'Orn', 15, 'Male', '947.826.4299x35213'),
(673, 'Dorothy', 'Haag', 38, 'Female', '03803128213'),
(674, 'Dayne', 'Zieme', 33, 'Female', '03161682819'),
(675, 'Jasmin', 'Hermiston', 24, 'Male', '(138)325-8666'),
(676, 'Garland', 'Medhurst', 15, 'Male', '648-026-5994x15198'),
(677, 'Kurtis', 'Kiehn', 33, 'Female', '537.879.3489x5508'),
(678, 'Jana', 'Murazik', 17, 'Female', '1-037-661-0522x7116'),
(679, 'Lois', 'Stanton', 16, 'Male', '189.425.9418x3576'),
(680, 'Ferne', 'Kihn', 34, 'Female', '1-865-423-5443'),
(681, 'Albertha', 'Bogisich', 23, 'Female', '09775529198'),
(682, 'Lily', 'West', 20, 'Female', '819-480-6649x6025'),
(683, 'Burdette', 'Eichmann', 35, 'Female', '329-318-8156'),
(684, 'Brooklyn', 'Parker', 29, 'Female', '359.711.0801x867'),
(685, 'Selina', 'Batz', 17, 'Male', '03331678169'),
(686, 'Cristina', 'Rath', 26, 'Female', '418.582.6322'),
(687, 'Francis', 'Kovacek', 32, 'Male', '188-706-9746x60134'),
(688, 'Brycen', 'Dietrich', 13, 'Male', '552-595-3255'),
(689, 'Tate', 'Metz', 22, 'Male', '(044)485-5966'),
(690, 'Gilberto', 'Schaden', 32, 'Female', '+12(3)9555725131'),
(691, 'Issac', 'Kirlin', 34, 'Male', '1-919-462-6181'),
(692, 'Daisha', 'Harvey', 12, 'Male', '766-051-1110x1575'),
(693, 'Maiya', 'Berge', 40, 'Female', '1-669-613-5109x722'),
(694, 'Etha', 'Waelchi', 29, 'Male', '(892)851-3974'),
(695, 'Euna', 'Hansen', 29, 'Male', '100.771.9386x672'),
(696, 'Leopold', 'Robel', 21, 'Male', '166.509.1105'),
(697, 'Tyrique', 'Bergstrom', 36, 'Female', '+50(4)1860161844'),
(698, 'Albert', 'Denesik', 29, 'Female', '(552)961-4203x5166'),
(699, 'Luther', 'Grant', 27, 'Male', '522-982-7091x3163'),
(700, 'Karlee', 'Haley', 29, 'Female', '346-202-7501x8225'),
(701, 'Ophelia', 'Kessler', 33, 'Male', '04853417803'),
(702, 'Heber', 'Schowalter', 31, 'Male', '(684)968-9694x46709'),
(703, 'Janae', 'Tremblay', 23, 'Female', '1-135-145-4009x5999'),
(704, 'German', 'Gaylord', 29, 'Female', '673.274.2065x54588'),
(705, 'Osborne', 'Toy', 11, 'Male', '855-921-0551x8092'),
(706, 'Lauryn', 'Roob', 26, 'Female', '964.406.3598x576'),
(707, 'Marta', 'Hettinger', 39, 'Male', '179-608-5228x7122'),
(708, 'Trenton', 'Reichert', 19, 'Male', '430-870-2415x37889'),
(709, 'Arnulfo', 'Murazik', 39, 'Female', '(656)038-1439x97714'),
(710, 'Gail', 'Collins', 33, 'Male', '1-682-364-8584x686'),
(711, 'Kyleigh', 'Reinger', 27, 'Male', '421.707.2090'),
(712, 'Shanon', 'Runte', 25, 'Female', '1-200-286-1905x17710'),
(713, 'Abdiel', 'Heathcote', 40, 'Male', '+59(4)5163560670'),
(714, 'Nat', 'Ward', 16, 'Male', '306.384.8529x859'),
(715, 'Jordan', 'Douglas', 35, 'Female', '(032)697-3621x163'),
(716, 'Maybell', 'Rice', 23, 'Female', '(046)183-8461x030'),
(717, 'Velva', 'Simonis', 32, 'Male', '(046)497-0892x0908'),
(718, 'Cleve', 'Zemlak', 21, 'Female', '196.435.0354x5662'),
(719, 'Elena', 'Pouros', 33, 'Male', '1-689-289-8695'),
(720, 'Dameon', 'Friesen', 37, 'Female', '1-603-839-5453'),
(721, 'Harry', 'Skiles', 28, 'Female', '888.871.1218'),
(722, 'Frederic', 'Sporer', 18, 'Female', '+19(5)0500487897'),
(723, 'Santina', 'Beatty', 25, 'Male', '1-420-156-1188x852'),
(724, 'Leo', 'Okuneva', 18, 'Male', '438-920-7817'),
(725, 'Maci', 'Shields', 21, 'Female', '1-518-265-4187x4687'),
(726, 'Renee', 'Schuppe', 27, 'Male', '1-461-435-6343'),
(727, 'Bert', 'Kessler', 23, 'Female', '208.238.0884x24369'),
(728, 'Leonard', 'Kuphal', 31, 'Female', '1-413-414-6029x930'),
(729, 'Madalyn', 'Beatty', 22, 'Female', '+70(0)0670148780'),
(730, 'Cory', 'Wilkinson', 38, 'Female', '00480616449'),
(731, 'Trinity', 'Swift', 23, 'Female', '1-627-307-2609'),
(732, 'Johnny', 'Lehner', 13, 'Male', '(497)309-1547x1962'),
(733, 'Otto', 'Stark', 13, 'Female', '(658)088-1640'),
(734, 'Casimer', 'Corwin', 17, 'Male', '1-595-522-3522x1457'),
(735, 'Oswald', 'Nikolaus', 27, 'Male', '(209)437-4352x286'),
(736, 'Lewis', 'Becker', 34, 'Male', '(593)439-8634x45110'),
(737, 'Gloria', 'Marquardt', 22, 'Female', '027.718.1449x31241'),
(738, 'Janessa', 'Ankunding', 28, 'Male', '790-764-1498x264'),
(739, 'Wilfred', 'Reichert', 30, 'Female', '+15(1)8885573420'),
(740, 'Eddie', 'Huels', 37, 'Female', '1-185-571-9565'),
(741, 'Ernestine', 'Zulauf', 34, 'Female', '465.166.8936'),
(742, 'Ruth', 'Kshlerin', 15, 'Female', '1-272-387-0351x78132'),
(743, 'Korbin', 'Bogan', 16, 'Male', '(849)389-1069'),
(744, 'Jenifer', 'Bogan', 37, 'Female', '03684294870'),
(745, 'Victor', 'Jakubowski', 18, 'Female', '00595369509'),
(746, 'Adelle', 'Gorczany', 11, 'Female', '1-971-885-9306x34562'),
(747, 'Jordon', 'Hilll', 12, 'Female', '916-354-0382x77166'),
(748, 'Allene', 'Heaney', 10, 'Female', '561-437-2848x99362'),
(749, 'Marcellus', 'Spinka', 27, 'Female', '1-822-010-9797'),
(750, 'Cynthia', 'Emmerich', 12, 'Male', '(101)876-5643x03147'),
(751, 'Theodora', 'Bauch', 22, 'Female', '(938)176-7345'),
(752, 'Braden', 'Considine', 30, 'Male', '06786264568'),
(753, 'Brady', 'Waters', 14, 'Male', '(578)466-3569x09638'),
(754, 'Kyra', 'Ondricka', 15, 'Female', '305-647-9954x19308'),
(755, 'Trudie', 'Simonis', 28, 'Female', '(807)942-1031'),
(756, 'Daron', 'Hintz', 29, 'Male', '844-143-8306x3573'),
(757, 'Braden', 'Larson', 19, 'Female', '341-450-4999x334'),
(758, 'Eve', 'Bechtelar', 23, 'Male', '586-154-4685x823'),
(759, 'Major', 'Goldner', 19, 'Male', '786.357.2267x10312'),
(760, 'Domenick', 'D\'Amore', 22, 'Female', '508.362.1287x410'),
(761, 'Missouri', 'Mante', 13, 'Female', '1-695-919-8663'),
(762, 'Emmet', 'Bruen', 27, 'Female', '1-729-170-9135x24084'),
(763, 'Esteban', 'Cronin', 17, 'Female', '(405)483-5958'),
(764, 'Yasmeen', 'Hudson', 22, 'Male', '+73(2)2649701686'),
(765, 'Porter', 'Rath', 33, 'Female', '05407370047'),
(766, 'Alexander', 'Bradtke', 39, 'Male', '711-776-3124x8403'),
(767, 'Marielle', 'Predovic', 36, 'Male', '03777975895'),
(768, 'Jeanie', 'Pagac', 32, 'Male', '824.497.4634x1239'),
(769, 'Hattie', 'Stokes', 37, 'Female', '1-244-471-2417x9429'),
(770, 'Brielle', 'Quitzon', 40, 'Female', '124.438.9890x3263'),
(771, 'Mittie', 'Hermiston', 17, 'Female', '865.097.0103'),
(772, 'Walton', 'Tromp', 12, 'Male', '1-931-230-1965x2391'),
(773, 'Houston', 'Herman', 39, 'Female', '+95(7)4589720054'),
(774, 'Trenton', 'Altenwerth', 32, 'Male', '(007)300-0157'),
(775, 'Kavon', 'Strosin', 12, 'Female', '666-319-1815'),
(776, 'Philip', 'Marquardt', 32, 'Female', '557.776.9020x072'),
(777, 'Agustina', 'Runolfsson', 36, 'Male', '(314)100-5831'),
(778, 'Mariano', 'Powlowski', 20, 'Female', '1-704-223-1577x78794'),
(779, 'Leopold', 'Jast', 17, 'Female', '(069)400-2137x0980'),
(780, 'Elian', 'Hettinger', 16, 'Male', '(552)417-0650'),
(781, 'Viviane', 'Mraz', 18, 'Female', '(219)857-7193x9743'),
(782, 'Ludie', 'Strosin', 10, 'Female', '00641496893'),
(783, 'Euna', 'Witting', 12, 'Male', '033-224-9462x5568'),
(784, 'Delphine', 'Wehner', 31, 'Male', '(300)397-1865x109'),
(785, 'Yvonne', 'Hilll', 36, 'Female', '515.633.5386x96641'),
(786, 'Kylie', 'Runte', 29, 'Female', '600.152.3430x3473'),
(787, 'Chaz', 'Kiehn', 39, 'Male', '(752)290-7177x593'),
(788, 'Miller', 'Beatty', 28, 'Male', '03319309260'),
(789, 'Orrin', 'Muller', 16, 'Male', '08095522358'),
(790, 'Torrance', 'Zulauf', 30, 'Male', '1-835-443-0615'),
(791, 'Alia', 'Kreiger', 31, 'Male', '603.415.4356x459'),
(792, 'Anabel', 'Batz', 39, 'Male', '(406)215-0342x1946'),
(793, 'Randall', 'Deckow', 24, 'Male', '+16(2)3873058117'),
(794, 'Ara', 'Windler', 39, 'Female', '1-088-626-6834x93811'),
(795, 'Avery', 'O\'Hara', 27, 'Male', '009.211.2559x008'),
(796, 'Deshawn', 'Mills', 20, 'Male', '1-138-758-6098x630'),
(797, 'Keon', 'Hegmann', 10, 'Female', '515.347.3447x1388'),
(798, 'Hannah', 'Lemke', 24, 'Female', '05710413759'),
(799, 'Zelda', 'Rau', 27, 'Male', '1-109-537-7306x8179'),
(800, 'Evan', 'Kulas', 31, 'Female', '146-489-6457'),
(801, 'Quentin', 'Mosciski', 26, 'Female', '(906)151-7874'),
(802, 'Dedric', 'Kohler', 26, 'Female', '01091286747'),
(803, 'Leonardo', 'Pagac', 40, 'Female', '541-593-3977'),
(804, 'Cielo', 'Goodwin', 40, 'Female', '+32(9)2457916363'),
(805, 'Ethelyn', 'Cassin', 31, 'Female', '131.907.1816'),
(806, 'Jailyn', 'Murray', 16, 'Male', '06835572412'),
(807, 'Yvette', 'Hermann', 26, 'Male', '1-151-489-2444x71069'),
(808, 'Kyra', 'Barrows', 29, 'Male', '1-864-445-1540'),
(809, 'Savanah', 'Wiza', 13, 'Male', '(903)218-4852'),
(810, 'Fabiola', 'Hamill', 36, 'Female', '1-434-010-3804x396'),
(811, 'Arden', 'Lesch', 35, 'Male', '020.749.7818x60245'),
(812, 'Carolina', 'Hessel', 31, 'Female', '967-825-6797x674'),
(813, 'Sharon', 'Connelly', 36, 'Male', '695.984.7632x2873'),
(814, 'Lucy', 'Adams', 21, 'Female', '396-011-5443x077'),
(815, 'Vance', 'Thiel', 40, 'Male', '197-310-5637x12138'),
(816, 'Loy', 'Murphy', 34, 'Female', '(061)426-9598x293'),
(817, 'Kody', 'Volkman', 24, 'Male', '(979)248-4225x2160'),
(818, 'Ora', 'Cummings', 37, 'Female', '09002650573'),
(819, 'Darlene', 'Kerluke', 30, 'Male', '06298774214'),
(820, 'Jayde', 'Lind', 20, 'Male', '(884)306-6679'),
(821, 'Yesenia', 'Collins', 27, 'Female', '07132123737'),
(822, 'Lyla', 'Murazik', 25, 'Male', '558-445-4669'),
(823, 'Buck', 'Stehr', 20, 'Male', '(732)530-3073'),
(824, 'Kaci', 'Kirlin', 14, 'Female', '(622)249-5955x653'),
(825, 'Lora', 'Bergstrom', 25, 'Male', '+38(1)0052463658'),
(826, 'Felipe', 'Romaguera', 17, 'Female', '03383990418'),
(827, 'Cali', 'Donnelly', 21, 'Female', '(562)408-0576x1101'),
(828, 'Desmond', 'Green', 37, 'Male', '126.633.0723'),
(829, 'Maggie', 'Stark', 12, 'Female', '02155559552'),
(830, 'Lawrence', 'Schamberger', 16, 'Female', '718.331.4047'),
(831, 'Lucio', 'Quigley', 22, 'Female', '(709)410-0650x116'),
(832, 'Letitia', 'Rau', 24, 'Male', '04996820193'),
(833, 'Alisa', 'Senger', 28, 'Male', '247.988.9672x143'),
(834, 'Ottis', 'Labadie', 37, 'Female', '1-834-472-8905'),
(835, 'Tremayne', 'Osinski', 37, 'Male', '391-429-4133'),
(836, 'Electa', 'Gerhold', 26, 'Male', '156-468-3837x41536'),
(837, 'Olaf', 'Goodwin', 17, 'Male', '776-722-3668'),
(838, 'Meredith', 'Bernier', 26, 'Male', '(394)345-9617x452'),
(839, 'Malvina', 'Fritsch', 22, 'Female', '01443997492'),
(840, 'Dorian', 'Jerde', 15, 'Male', '(317)751-2094x23492'),
(841, 'Amani', 'Altenwerth', 39, 'Male', '561-448-8454'),
(842, 'Garrick', 'Kuhic', 15, 'Male', '310.924.2556'),
(843, 'Aliya', 'Harber', 16, 'Female', '(983)910-7006x879'),
(844, 'Elmo', 'Jast', 26, 'Female', '+03(6)8415901411'),
(845, 'Nicolas', 'Ankunding', 32, 'Female', '899-792-0680'),
(846, 'Sabina', 'Wiegand', 29, 'Female', '(188)329-0479x9358'),
(847, 'Flossie', 'Wisozk', 20, 'Male', '(746)111-1819x430'),
(848, 'Rose', 'Monahan', 34, 'Male', '562-305-0069x015'),
(849, 'Sydni', 'Huel', 34, 'Male', '(578)212-1018x322'),
(850, 'Aileen', 'Cummerata', 27, 'Male', '1-057-340-6654x49331'),
(851, 'Carroll', 'Bednar', 31, 'Female', '920.756.6109'),
(852, 'Geraldine', 'Douglas', 33, 'Male', '969-797-4600x17155'),
(853, 'Breanna', 'Goodwin', 14, 'Male', '1-122-848-8832x269'),
(854, 'Leo', 'Schiller', 36, 'Female', '1-029-465-3547'),
(855, 'Oliver', 'Upton', 10, 'Male', '01651015176'),
(856, 'Itzel', 'Johnson', 40, 'Female', '989.087.2758x4806'),
(857, 'Granville', 'Gleichner', 40, 'Male', '04088197640'),
(858, 'Arnold', 'Huel', 36, 'Male', '1-073-498-5063'),
(859, 'Janie', 'Rowe', 35, 'Male', '(311)393-0722x783'),
(860, 'Eda', 'Ratke', 23, 'Male', '00121455974'),
(861, 'Pascale', 'Kub', 37, 'Female', '(355)537-2778x630'),
(862, 'Arlene', 'Buckridge', 38, 'Male', '1-075-653-0562x4564'),
(863, 'Lucas', 'Bins', 26, 'Male', '+92(8)8594566569'),
(864, 'Gunner', 'Gaylord', 27, 'Male', '(485)173-7642'),
(865, 'Clemmie', 'Lesch', 33, 'Female', '135.694.5876x3005'),
(866, 'Mary', 'Schuster', 13, 'Male', '(025)875-2143x680'),
(867, 'Savanah', 'Brown', 13, 'Female', '+39(8)9597633094');
INSERT INTO `students` (`sid`, `first_name`, `last_name`, `age`, `gender`, `phone_number`) VALUES
(868, 'Lenora', 'Gutkowski', 18, 'Female', '1-744-183-4070x9680'),
(869, 'Finn', 'Anderson', 37, 'Male', '(526)533-2803'),
(870, 'Lura', 'Huels', 30, 'Female', '102.534.9627x48309'),
(871, 'Quinten', 'Von', 23, 'Male', '(331)215-4091'),
(872, 'Araceli', 'Larson', 32, 'Female', '07583017479'),
(873, 'Marques', 'Buckridge', 14, 'Male', '+06(2)5253019650'),
(874, 'Terrance', 'Kertzmann', 25, 'Female', '818.971.3368x2313'),
(875, 'Maymie', 'Effertz', 33, 'Male', '(966)671-2025x61719'),
(876, 'Addie', 'Bayer', 16, 'Male', '+54(4)2140497055'),
(877, 'Otis', 'Luettgen', 37, 'Male', '(948)657-6303x89018'),
(878, 'Stanford', 'Pollich', 33, 'Female', '460.002.2397'),
(879, 'Wayne', 'Conroy', 31, 'Male', '208-999-4616'),
(880, 'Valentina', 'Schuster', 19, 'Female', '(211)570-0208'),
(881, 'Hubert', 'Herman', 12, 'Female', '+95(5)9479910273'),
(882, 'Maye', 'Kuvalis', 18, 'Female', '679-199-1758'),
(883, 'Anastacio', 'Armstrong', 39, 'Male', '1-084-935-7493'),
(884, 'Eliza', 'Parker', 33, 'Male', '646.246.3996'),
(885, 'Uriah', 'Schneider', 21, 'Female', '(069)290-8059x84127'),
(886, 'Delphia', 'Abernathy', 17, 'Female', '+52(1)1030418352'),
(887, 'Jamaal', 'Mosciski', 32, 'Male', '1-135-042-7461'),
(888, 'Antoinette', 'Haley', 28, 'Male', '853-322-5216'),
(889, 'Darrin', 'Klein', 23, 'Female', '689.275.3643'),
(890, 'Cassie', 'Beer', 39, 'Male', '(818)865-8801x6832'),
(891, 'Julien', 'Paucek', 35, 'Male', '(702)694-4481x137'),
(892, 'Mitchel', 'Johnston', 34, 'Female', '+84(9)5154350016'),
(893, 'Daniella', 'Stokes', 13, 'Female', '04457784431'),
(894, 'Heloise', 'Batz', 30, 'Female', '916.999.3931x392'),
(895, 'Beryl', 'Steuber', 33, 'Female', '+42(3)3261546679'),
(896, 'Jessy', 'Walker', 40, 'Male', '1-361-529-6281x5410'),
(897, 'Rebeka', 'Abshire', 24, 'Female', '006.025.2919x309'),
(898, 'Priscilla', 'Collins', 33, 'Female', '06313497610'),
(899, 'Ashton', 'Jenkins', 39, 'Male', '788.368.1829x7602'),
(900, 'Ethyl', 'Roberts', 39, 'Male', '+62(2)6340443575'),
(901, 'Dayna', 'Abbott', 12, 'Male', '1-262-738-3315x0335'),
(902, 'Millie', 'Jast', 37, 'Male', '(546)328-6625'),
(903, 'Diego', 'Hermiston', 13, 'Female', '406.934.3535x536'),
(904, 'Osborne', 'Muller', 34, 'Male', '1-912-845-0998x2988'),
(905, 'Velma', 'Langosh', 28, 'Female', '(037)685-1496x318'),
(906, 'Derick', 'Fadel', 35, 'Male', '676-437-1669'),
(907, 'Damien', 'Sauer', 23, 'Male', '1-654-907-9394x6272'),
(908, 'Sandra', 'Koch', 20, 'Female', '808.118.6756'),
(909, 'Ernestine', 'Oberbrunner', 38, 'Female', '634-340-2563x236'),
(910, 'Damon', 'Kautzer', 14, 'Female', '1-360-382-5587x9470'),
(911, 'Melisa', 'Effertz', 28, 'Female', '(191)291-2354x026'),
(912, 'Orpha', 'Hamill', 31, 'Male', '511-407-6644x4944'),
(913, 'Ernestine', 'Quigley', 32, 'Male', '+76(0)1740053597'),
(914, 'Lempi', 'Harvey', 15, 'Female', '958-743-0447'),
(915, 'Drake', 'Jones', 20, 'Male', '466-835-8998'),
(916, 'Doug', 'Mann', 27, 'Male', '234-244-4594x8007'),
(917, 'Marcellus', 'Jacobson', 14, 'Male', '(775)257-7434x97300'),
(918, 'Alena', 'Baumbach', 24, 'Female', '649.344.9460'),
(919, 'Natalie', 'Sanford', 16, 'Female', '126-481-2574x962'),
(920, 'Micah', 'Olson', 33, 'Female', '01003974604'),
(921, 'April', 'Jerde', 37, 'Female', '636-846-9997x82199'),
(922, 'Bailee', 'Baumbach', 10, 'Male', '+25(8)9341962300'),
(923, 'Eleanora', 'Leannon', 13, 'Male', '682.066.4388'),
(924, 'Jon', 'Wehner', 38, 'Male', '1-235-527-5021x634'),
(925, 'Cicero', 'Jast', 26, 'Male', '945.769.8939'),
(926, 'Golda', 'Hilll', 22, 'Male', '+39(9)2918894264'),
(927, 'Maye', 'Lang', 33, 'Male', '043.389.5215x1530'),
(928, 'Jena', 'Hand', 22, 'Female', '(509)752-9016x0510'),
(929, 'Luciano', 'Mayer', 16, 'Male', '(967)701-4443x976'),
(930, 'Noelia', 'Jast', 16, 'Female', '1-372-012-4355x422'),
(931, 'Florida', 'McClure', 35, 'Male', '272.156.5035'),
(932, 'Summer', 'Volkman', 10, 'Female', '403-786-0326'),
(933, 'Ernestina', 'Renner', 36, 'Female', '930.479.6798'),
(934, 'Alice', 'Prosacco', 10, 'Male', '1-532-056-9807'),
(935, 'Gregoria', 'Johnston', 38, 'Female', '488.970.5440'),
(936, 'Lexi', 'Feil', 30, 'Male', '(383)731-6613x629'),
(937, 'Fiona', 'King', 20, 'Male', '1-616-559-0389x99928'),
(938, 'Felicity', 'Stroman', 27, 'Male', '509-344-0732x671'),
(939, 'Andy', 'Powlowski', 35, 'Male', '05813316285'),
(940, 'Hilda', 'Lemke', 36, 'Male', '04631617776'),
(941, 'Zaria', 'Collier', 39, 'Female', '529.715.8711x1203'),
(942, 'Felicia', 'Gorczany', 11, 'Female', '149.807.3397'),
(943, 'Gerry', 'Crooks', 11, 'Female', '+89(1)3142400320'),
(944, 'Dianna', 'Kirlin', 10, 'Male', '143-445-0162x59699'),
(945, 'Lauretta', 'Becker', 13, 'Female', '(439)827-3890x1410'),
(946, 'August', 'Bosco', 40, 'Male', '903-777-1771x827'),
(947, 'Geovanny', 'Hoppe', 23, 'Female', '00271049687'),
(948, 'Velva', 'McGlynn', 30, 'Male', '(826)795-9920x820'),
(949, 'Kaycee', 'Langworth', 16, 'Male', '03810019716'),
(950, 'Josie', 'Grimes', 13, 'Male', '(957)222-5029x2790'),
(951, 'Joyce', 'Keebler', 37, 'Female', '418.622.0013'),
(952, 'Bertha', 'Koepp', 26, 'Female', '560-485-2112x135'),
(953, 'Kaia', 'Langosh', 27, 'Male', '785.022.8583x3813'),
(954, 'Amani', 'Koch', 33, 'Male', '(407)441-6612'),
(955, 'Donnie', 'Fay', 25, 'Male', '105.662.5167x821'),
(956, 'Kenna', 'Orn', 12, 'Female', '(592)851-7316x140'),
(957, 'Rico', 'Heathcote', 23, 'Female', '741-469-4798x717'),
(958, 'Amie', 'Bechtelar', 28, 'Female', '471-338-1145x3665'),
(959, 'Dawn', 'Doyle', 11, 'Male', '240-584-5575'),
(960, 'Gage', 'Stanton', 12, 'Male', '(190)866-7150x7409'),
(961, 'Heber', 'Harvey', 37, 'Male', '1-045-355-2434'),
(962, 'Christop', 'O\'Conner', 15, 'Male', '964-333-4479'),
(963, 'Harmon', 'Medhurst', 24, 'Female', '(363)869-4874x21029'),
(964, 'Kailey', 'Wolff', 38, 'Female', '1-035-042-6785x78808'),
(965, 'Demarco', 'Pouros', 32, 'Female', '590.893.0726x3915'),
(966, 'Trudie', 'Wehner', 20, 'Male', '1-956-530-7858'),
(967, 'Josiah', 'Schmeler', 14, 'Female', '354-052-5556x67675'),
(968, 'Herbert', 'Hoeger', 18, 'Female', '653.929.3381x2744'),
(969, 'Hillard', 'Barrows', 16, 'Female', '(006)425-3697x9566'),
(970, 'Lyda', 'Beier', 23, 'Male', '855.133.3881'),
(971, 'Zaria', 'Lindgren', 26, 'Female', '1-956-303-8168x221'),
(972, 'Burley', 'Bruen', 24, 'Female', '934-659-3584x11455'),
(973, 'Scotty', 'Stark', 17, 'Male', '+88(9)6753669373'),
(974, 'Alfonso', 'Keeling', 37, 'Female', '454.665.7434'),
(975, 'Lambert', 'Casper', 14, 'Male', '550-375-9259x661'),
(976, 'Moises', 'Corwin', 25, 'Male', '634.429.2129'),
(977, 'Tyler', 'Spinka', 38, 'Male', '(377)017-6138x10149'),
(978, 'Royal', 'Kovacek', 14, 'Female', '1-344-683-2385x283'),
(979, 'Geovany', 'Bartoletti', 17, 'Female', '+33(5)5130424420'),
(980, 'Nicolette', 'Romaguera', 35, 'Female', '(040)588-6478'),
(981, 'Lincoln', 'Shields', 18, 'Female', '(411)667-6916x7069'),
(982, 'Cloyd', 'Nikolaus', 12, 'Male', '464.535.4793'),
(983, 'Lauryn', 'Kuhic', 38, 'Male', '612-367-3546x065'),
(984, 'Kobe', 'Herman', 21, 'Male', '(826)380-5253'),
(985, 'Maida', 'Schinner', 14, 'Female', '(097)892-6434x360'),
(986, 'Karlee', 'Sipes', 25, 'Female', '(470)318-6122x996'),
(987, 'Aaliyah', 'Kuhlman', 16, 'Female', '109.736.0095'),
(988, 'Kristy', 'Larson', 34, 'Male', '1-634-134-4666x275'),
(989, 'Roosevelt', 'Bins', 18, 'Male', '1-329-858-4276x262'),
(990, 'Dorcas', 'Huel', 12, 'Male', '05139696135'),
(991, 'Lauriane', 'Pagac', 22, 'Male', '1-304-694-7043'),
(992, 'Erika', 'Cummerata', 22, 'Male', '(884)858-3951x244'),
(993, 'Maurine', 'Hartmann', 20, 'Female', '05090670967'),
(994, 'Rhianna', 'Lesch', 11, 'Male', '1-326-611-9924'),
(995, 'Antonetta', 'Moen', 36, 'Male', '683.730.5193'),
(996, 'Elena', 'Wyman', 35, 'Female', '(894)680-8972x337'),
(997, 'Claude', 'Osinski', 23, 'Male', '1-384-699-9361x8906'),
(998, 'Elisha', 'Wolff', 24, 'Male', '915-404-1094'),
(999, 'Gage', 'Ernser', 14, 'Female', '637-653-0654x71463');

-- --------------------------------------------------------

--
-- Table structure for table `student_takes_course`
--

DROP TABLE IF EXISTS `student_takes_course`;
CREATE TABLE IF NOT EXISTS `student_takes_course` (
  `cid` int(11) NOT NULL,
  `sid` int(11) NOT NULL,
  PRIMARY KEY (`cid`,`sid`),
  KEY `sid` (`sid`)
) ENGINE=InnoDB DEFAULT CHARSET=utf8;

--
-- Dumping data for table `student_takes_course`
--

INSERT INTO `student_takes_course` (`cid`, `sid`) VALUES
(114, 1),
(117, 1),
(120, 1),
(125, 1),
(97, 2),
(109, 2),
(115, 2),
(119, 3),
(100, 4),
(106, 4),
(110, 4),
(116, 4),
(100, 5),
(104, 5),
(124, 5),
(109, 6),
(104, 8),
(126, 8),
(100, 9),
(113, 9),
(107, 10),
(117, 10),
(119, 10),
(119, 11),
(103, 13),
(100, 15),
(107, 15),
(116, 15),
(96, 16),
(97, 16),
(117, 16),
(105, 17),
(105, 18),
(109, 18),
(116, 18),
(97, 19),
(109, 19),
(117, 19),
(97, 20),
(100, 20),
(103, 21),
(108, 21),
(113, 22),
(120, 22),
(103, 23),
(112, 23),
(115, 23),
(119, 23),
(106, 24),
(129, 24),
(105, 25),
(112, 26),
(113, 26),
(118, 26),
(119, 26),
(111, 27),
(118, 27),
(122, 27),
(110, 28),
(111, 28),
(130, 28),
(111, 29),
(104, 30),
(111, 30),
(115, 30),
(118, 30),
(107, 31),
(126, 31),
(118, 32),
(127, 32),
(112, 33),
(115, 33),
(97, 34),
(106, 34),
(113, 34),
(118, 35),
(123, 35),
(127, 35),
(99, 36),
(100, 36),
(120, 36),
(111, 37),
(114, 37),
(124, 37),
(127, 37),
(111, 38),
(116, 38),
(119, 39),
(124, 39),
(125, 40),
(120, 41),
(96, 42),
(112, 42),
(103, 43),
(114, 43),
(118, 43),
(104, 44),
(107, 44),
(125, 44),
(118, 45),
(101, 46),
(122, 46),
(96, 47),
(105, 48),
(121, 48),
(98, 50),
(104, 51),
(110, 51),
(103, 52),
(122, 52),
(117, 53),
(122, 53),
(123, 53),
(121, 54),
(112, 56),
(113, 56),
(117, 56),
(125, 56),
(129, 56),
(106, 57),
(117, 58),
(112, 59),
(129, 59),
(103, 60),
(101, 61),
(124, 61),
(129, 61),
(124, 62),
(104, 63),
(119, 63),
(121, 63),
(129, 63),
(124, 64),
(96, 65),
(97, 65),
(98, 65),
(122, 65),
(98, 66),
(111, 66),
(119, 66),
(122, 66),
(124, 66),
(99, 68),
(108, 68),
(109, 68),
(122, 69),
(101, 70),
(109, 70),
(125, 70),
(121, 71),
(127, 72),
(127, 73),
(106, 74),
(101, 75),
(114, 75),
(115, 75),
(106, 76),
(123, 77),
(101, 78),
(104, 78),
(105, 78),
(109, 78),
(115, 78),
(116, 78),
(121, 78),
(129, 79),
(96, 80),
(110, 80),
(118, 80),
(99, 81),
(106, 81),
(123, 81),
(97, 82),
(98, 82),
(99, 82),
(105, 82),
(118, 82),
(120, 82),
(122, 82),
(125, 82),
(129, 82),
(110, 83),
(124, 83),
(100, 84),
(122, 84),
(105, 86),
(115, 86),
(126, 86),
(98, 87),
(123, 87),
(107, 88),
(123, 88),
(127, 88),
(120, 89),
(127, 89),
(120, 90),
(96, 91),
(100, 91),
(115, 91),
(119, 91),
(123, 91),
(105, 92),
(126, 92),
(103, 93),
(104, 93),
(112, 93),
(122, 94),
(105, 95),
(101, 96),
(103, 96),
(105, 97),
(124, 97),
(106, 98),
(96, 99),
(113, 99),
(104, 101),
(112, 101),
(125, 101),
(109, 102),
(122, 102),
(127, 102),
(122, 103),
(124, 103),
(108, 104),
(110, 104),
(112, 104),
(119, 104),
(120, 104),
(122, 105),
(99, 106),
(108, 106),
(108, 107),
(96, 109),
(107, 109),
(126, 109),
(116, 110),
(106, 111),
(116, 111),
(109, 112),
(111, 113),
(115, 113),
(96, 114),
(103, 114),
(118, 114),
(121, 114),
(126, 114),
(99, 116),
(101, 116),
(115, 116),
(127, 116),
(105, 117),
(116, 117),
(128, 117),
(105, 119),
(119, 120),
(123, 120),
(125, 120),
(127, 120),
(96, 121),
(108, 121),
(122, 121),
(126, 121),
(113, 122),
(111, 123),
(101, 125),
(120, 125),
(121, 125),
(122, 125),
(97, 126),
(98, 127),
(111, 127),
(96, 128),
(129, 128),
(107, 129),
(111, 129),
(128, 129),
(128, 130),
(103, 131),
(112, 131),
(97, 132),
(100, 132),
(96, 133),
(110, 133),
(122, 133),
(109, 134),
(118, 135),
(118, 136),
(128, 136),
(113, 137),
(104, 138),
(115, 138),
(97, 139),
(122, 139),
(114, 140),
(118, 140),
(97, 142),
(107, 142),
(114, 142),
(117, 143),
(103, 144),
(105, 144),
(97, 145),
(104, 145),
(111, 145),
(125, 146),
(100, 147),
(112, 147),
(122, 147),
(98, 148),
(105, 148),
(106, 150),
(108, 150),
(109, 150),
(115, 150),
(106, 151),
(116, 151),
(111, 152),
(121, 152),
(127, 152),
(98, 153),
(103, 153),
(110, 156),
(123, 156),
(99, 157),
(110, 158),
(112, 158),
(101, 159),
(103, 163),
(110, 163),
(128, 163),
(97, 164),
(104, 164),
(109, 164),
(129, 164),
(113, 165),
(122, 165),
(100, 166),
(115, 166),
(125, 166),
(101, 168),
(123, 169),
(103, 170),
(127, 170),
(105, 171),
(107, 171),
(114, 171),
(104, 172),
(108, 172),
(110, 172),
(96, 174),
(115, 174),
(101, 175),
(111, 175),
(125, 175),
(104, 176),
(108, 176),
(124, 176),
(126, 176),
(127, 176),
(129, 176),
(98, 177),
(109, 178),
(117, 178),
(101, 179),
(111, 179),
(97, 180),
(98, 180),
(104, 180),
(128, 180),
(100, 181),
(111, 181),
(121, 181),
(125, 181),
(127, 181),
(112, 182),
(125, 182),
(111, 183),
(114, 183),
(117, 184),
(121, 184),
(128, 184),
(106, 185),
(119, 185),
(109, 186),
(114, 186),
(128, 186),
(104, 187),
(111, 187),
(119, 187),
(127, 187),
(129, 187),
(101, 188),
(104, 188),
(119, 188),
(123, 188),
(104, 189),
(115, 190),
(123, 190),
(113, 191),
(129, 191),
(127, 192),
(99, 193),
(110, 193),
(117, 193),
(104, 194),
(112, 194),
(96, 195),
(97, 195),
(103, 196),
(129, 196),
(97, 197),
(99, 197),
(119, 197),
(100, 198),
(126, 198),
(97, 199),
(98, 200),
(98, 201),
(99, 201),
(106, 201),
(115, 201),
(123, 201),
(127, 201),
(99, 202),
(109, 202),
(119, 202),
(110, 203),
(99, 204),
(101, 204),
(109, 204),
(114, 204),
(108, 205),
(126, 206),
(104, 207),
(118, 209),
(119, 209),
(98, 211),
(100, 211),
(113, 211),
(122, 212),
(129, 212),
(101, 214),
(97, 215),
(100, 216),
(110, 216),
(127, 216),
(97, 217),
(97, 218),
(109, 219),
(110, 219),
(114, 219),
(111, 221),
(112, 221),
(126, 222),
(100, 223),
(122, 223),
(120, 225),
(128, 225),
(109, 227),
(117, 227),
(121, 227),
(127, 229),
(129, 229),
(121, 230),
(123, 230),
(97, 231),
(98, 231),
(100, 231),
(106, 231),
(112, 231),
(113, 231),
(121, 231),
(97, 232),
(98, 232),
(128, 232),
(108, 233),
(117, 234),
(127, 235),
(129, 235),
(105, 236),
(118, 236),
(129, 236),
(124, 237),
(128, 237),
(97, 238),
(99, 239),
(119, 239),
(127, 239),
(111, 240),
(119, 240),
(120, 240),
(126, 240),
(100, 241),
(128, 241),
(98, 242),
(109, 242),
(101, 243),
(115, 243),
(118, 243),
(125, 243),
(97, 244),
(120, 244),
(122, 244),
(127, 244),
(104, 245),
(108, 245),
(112, 245),
(117, 246),
(127, 246),
(128, 246),
(105, 248),
(116, 248),
(125, 248),
(118, 249),
(96, 250),
(107, 250),
(112, 250),
(113, 250),
(122, 250),
(124, 250),
(108, 251),
(115, 251),
(104, 252),
(110, 252),
(123, 252),
(107, 254),
(106, 255),
(108, 255),
(122, 255),
(106, 256),
(115, 256),
(122, 256),
(96, 257),
(98, 257),
(100, 257),
(109, 257),
(116, 258),
(117, 258),
(104, 259),
(111, 259),
(96, 261),
(97, 261),
(114, 262),
(123, 262),
(127, 262),
(129, 262),
(117, 263),
(125, 263),
(105, 264),
(103, 265),
(107, 265),
(116, 265),
(118, 265),
(122, 265),
(127, 265),
(128, 265),
(99, 266),
(129, 266),
(105, 267),
(107, 267),
(129, 267),
(101, 268),
(110, 268),
(121, 268),
(123, 268),
(127, 270),
(103, 272),
(116, 272),
(123, 272),
(127, 272),
(124, 273),
(119, 275),
(119, 276),
(123, 276),
(114, 277),
(120, 277),
(127, 277),
(110, 278),
(111, 279),
(104, 280),
(98, 281),
(105, 281),
(122, 281),
(127, 281),
(116, 282),
(122, 282),
(96, 283),
(99, 283),
(105, 283),
(119, 283),
(98, 284),
(115, 284),
(127, 284),
(96, 285),
(107, 285),
(109, 286),
(105, 287),
(118, 288),
(125, 288),
(129, 288),
(98, 289),
(113, 289),
(101, 290),
(115, 290),
(118, 290),
(125, 290),
(98, 292),
(97, 293),
(120, 293),
(99, 294),
(127, 294),
(96, 295),
(113, 295),
(117, 295),
(122, 295),
(124, 295),
(129, 295),
(107, 296),
(123, 296),
(115, 297),
(107, 298),
(115, 298),
(105, 299),
(107, 299),
(129, 299),
(108, 301),
(96, 303),
(113, 303),
(101, 304),
(113, 304),
(122, 304),
(110, 305),
(112, 305),
(128, 305),
(99, 306),
(121, 307),
(111, 308),
(127, 308),
(97, 309),
(100, 309),
(114, 309),
(120, 309),
(122, 310),
(99, 311),
(100, 311),
(109, 311),
(118, 311),
(120, 311),
(121, 311),
(125, 311),
(110, 312),
(108, 313),
(119, 313),
(99, 314),
(127, 314),
(98, 315),
(107, 316),
(97, 317),
(104, 317),
(115, 317),
(110, 319),
(114, 319),
(126, 319),
(97, 320),
(105, 320),
(112, 320),
(119, 320),
(121, 320),
(104, 321),
(97, 322),
(99, 322),
(121, 322),
(122, 322),
(129, 322),
(105, 323),
(115, 323),
(116, 323),
(123, 323),
(101, 325),
(106, 325),
(126, 326),
(103, 328),
(114, 328),
(128, 328),
(123, 329),
(96, 330),
(112, 330),
(104, 331),
(106, 331),
(114, 331),
(126, 331),
(100, 332),
(106, 332),
(122, 333),
(111, 334),
(119, 334),
(122, 334),
(128, 334),
(99, 335),
(100, 335),
(112, 335),
(116, 335),
(128, 335),
(98, 337),
(110, 338),
(123, 338),
(124, 339),
(100, 340),
(104, 340),
(107, 340),
(124, 340),
(127, 340),
(128, 340),
(96, 341),
(113, 341),
(96, 342),
(125, 343),
(101, 344),
(106, 344),
(108, 344),
(117, 344),
(120, 344),
(108, 345),
(118, 346),
(124, 346),
(100, 347),
(112, 347),
(115, 347),
(107, 348),
(112, 348),
(113, 348),
(114, 348),
(124, 348),
(125, 348),
(106, 349),
(97, 350),
(100, 350),
(101, 350),
(107, 350),
(115, 350),
(106, 351),
(96, 352),
(104, 352),
(96, 353),
(98, 353),
(121, 353),
(99, 354),
(107, 354),
(116, 354),
(97, 355),
(99, 355),
(127, 355),
(97, 356),
(108, 356),
(127, 356),
(118, 357),
(97, 359),
(111, 359),
(117, 360),
(128, 360),
(101, 361),
(112, 361),
(129, 361),
(101, 362),
(103, 362),
(121, 362),
(126, 363),
(107, 364),
(112, 364),
(129, 364),
(113, 365),
(117, 365),
(122, 365),
(129, 368),
(101, 369),
(105, 369),
(118, 369),
(105, 370),
(99, 371),
(105, 371),
(107, 371),
(112, 371),
(105, 372),
(108, 372),
(121, 372),
(126, 372),
(103, 373),
(129, 375),
(120, 376),
(127, 376),
(100, 377),
(103, 378),
(103, 379),
(100, 380),
(96, 381),
(103, 382),
(112, 382),
(119, 383),
(103, 385),
(120, 385),
(121, 385),
(126, 385),
(103, 386),
(117, 386),
(100, 387),
(103, 387),
(128, 387),
(98, 388),
(109, 388),
(111, 388),
(109, 389),
(121, 389),
(96, 390),
(111, 390),
(114, 390),
(119, 390),
(99, 391),
(96, 392),
(101, 392),
(101, 393),
(117, 393),
(124, 393),
(126, 393),
(97, 394),
(122, 394),
(108, 395),
(122, 395),
(129, 395),
(107, 396),
(117, 396),
(120, 396),
(128, 396),
(100, 398),
(96, 399),
(107, 399),
(109, 399),
(110, 399),
(114, 399),
(128, 399),
(97, 400),
(113, 401),
(105, 402),
(106, 402),
(108, 402),
(122, 402),
(118, 403),
(126, 403),
(99, 405),
(99, 406),
(107, 407),
(110, 407),
(121, 407),
(127, 407),
(108, 408),
(118, 408),
(110, 409),
(115, 409),
(118, 410),
(119, 410),
(121, 410),
(122, 410),
(111, 411),
(118, 411),
(126, 411),
(101, 412),
(110, 412),
(101, 414),
(112, 414),
(113, 417),
(124, 417),
(98, 418),
(111, 418),
(121, 418),
(97, 419),
(105, 419),
(108, 419),
(107, 420),
(117, 420),
(107, 421),
(101, 422),
(105, 422),
(114, 422),
(128, 422),
(108, 423),
(115, 423),
(123, 423),
(118, 424),
(111, 425),
(122, 425),
(124, 426),
(101, 427),
(96, 428),
(116, 428),
(100, 429),
(117, 429),
(99, 430),
(106, 432),
(107, 432),
(128, 432),
(100, 434),
(112, 437),
(114, 437),
(98, 438),
(108, 438),
(113, 438),
(116, 438),
(123, 438),
(129, 438),
(119, 439),
(120, 439),
(100, 440),
(120, 440),
(122, 440),
(123, 440),
(116, 441),
(100, 442),
(114, 442),
(99, 443),
(116, 444),
(117, 444),
(109, 445),
(112, 446),
(117, 446),
(121, 446),
(98, 447),
(106, 448),
(105, 449),
(106, 449),
(96, 450),
(97, 450),
(103, 450),
(122, 450),
(116, 451),
(108, 452),
(126, 452),
(128, 452),
(111, 453),
(126, 453),
(127, 453),
(97, 454),
(111, 454),
(120, 454),
(105, 455),
(100, 458),
(105, 458),
(96, 459),
(100, 459),
(118, 459),
(106, 460),
(123, 460),
(101, 461),
(115, 461),
(126, 461),
(119, 462),
(109, 464),
(115, 465),
(107, 467),
(113, 467),
(128, 467),
(120, 468),
(98, 469),
(114, 469),
(96, 471),
(113, 471),
(99, 472),
(117, 472),
(122, 472),
(101, 473),
(127, 473),
(129, 473),
(110, 474),
(113, 474),
(109, 475),
(100, 476),
(99, 477),
(105, 477),
(101, 478),
(104, 478),
(107, 478),
(100, 479),
(109, 479),
(122, 479),
(119, 480),
(124, 480),
(103, 481),
(128, 482),
(125, 483),
(106, 485),
(118, 485),
(129, 485),
(106, 486),
(116, 487),
(117, 489),
(123, 490),
(127, 491),
(127, 492),
(107, 494),
(118, 494),
(100, 495),
(118, 495),
(111, 496),
(119, 496),
(120, 497),
(96, 498),
(126, 498),
(128, 498),
(97, 499),
(123, 499),
(108, 500),
(98, 501),
(114, 501),
(122, 501),
(127, 501),
(122, 502),
(118, 503),
(117, 504),
(125, 504),
(127, 504),
(99, 506),
(119, 506),
(126, 506),
(98, 508),
(104, 509),
(120, 510),
(97, 511),
(104, 511),
(106, 511),
(107, 512),
(96, 513),
(117, 513),
(128, 513),
(110, 514),
(124, 514),
(97, 515),
(106, 515),
(103, 516),
(114, 516),
(98, 517),
(107, 518),
(115, 518),
(129, 518),
(113, 519),
(121, 519),
(115, 521),
(122, 522),
(101, 523),
(104, 523),
(105, 523),
(108, 523),
(128, 523),
(114, 524),
(105, 525),
(120, 526),
(107, 527),
(112, 528),
(110, 529),
(119, 529),
(116, 531),
(119, 531),
(120, 531),
(128, 531),
(120, 533),
(121, 533),
(108, 534),
(118, 534),
(107, 536),
(125, 536),
(101, 537),
(98, 538),
(105, 538),
(109, 538),
(114, 538),
(104, 539),
(115, 540),
(119, 541),
(125, 541),
(103, 542),
(106, 542),
(108, 543),
(104, 544),
(114, 544),
(97, 545),
(122, 547),
(125, 548),
(99, 549),
(110, 549),
(113, 549),
(97, 550),
(119, 550),
(105, 551),
(104, 552),
(109, 553),
(113, 553),
(111, 554),
(114, 554),
(126, 554),
(97, 556),
(98, 556),
(112, 556),
(99, 557),
(109, 557),
(128, 557),
(118, 559),
(101, 560),
(122, 560),
(125, 560),
(100, 562),
(115, 562),
(104, 563),
(98, 564),
(100, 564),
(110, 564),
(112, 564),
(97, 565),
(98, 566),
(124, 567),
(125, 567),
(100, 568),
(107, 568),
(116, 569),
(120, 569),
(97, 572),
(106, 572),
(117, 572),
(128, 572),
(118, 573),
(103, 574),
(125, 574),
(98, 575),
(108, 575),
(120, 575),
(97, 576),
(125, 576),
(96, 577),
(99, 577),
(126, 577),
(129, 577),
(106, 578),
(127, 578),
(97, 579),
(98, 580),
(100, 580),
(112, 580),
(100, 581),
(105, 582),
(118, 582),
(111, 584),
(113, 584),
(118, 584),
(128, 584),
(125, 585),
(106, 586),
(122, 586),
(127, 586),
(96, 587),
(100, 588),
(101, 588),
(119, 588),
(109, 589),
(126, 589),
(128, 589),
(118, 590),
(115, 591),
(116, 591),
(129, 591),
(125, 593),
(106, 594),
(107, 594),
(122, 594),
(116, 595),
(125, 595),
(103, 596),
(122, 596),
(125, 596),
(98, 597),
(100, 597),
(96, 598),
(110, 599),
(112, 599),
(120, 599),
(124, 599),
(98, 600),
(122, 600),
(101, 601),
(104, 601),
(122, 601),
(110, 603),
(96, 604),
(108, 604),
(111, 604),
(105, 605),
(106, 605),
(125, 605),
(103, 606),
(110, 608),
(115, 608),
(127, 608),
(114, 609),
(105, 610),
(112, 610),
(97, 611),
(105, 611),
(109, 612),
(112, 612),
(128, 612),
(106, 613),
(114, 613),
(113, 614),
(126, 614),
(112, 616),
(118, 616),
(121, 618),
(120, 619),
(100, 620),
(101, 620),
(127, 621),
(106, 622),
(107, 622),
(108, 622),
(96, 625),
(115, 625),
(122, 625),
(98, 626),
(103, 626),
(111, 626),
(117, 627),
(96, 628),
(104, 628),
(106, 628),
(117, 628),
(126, 628),
(97, 630),
(112, 630),
(129, 630),
(97, 631),
(118, 631),
(123, 631),
(126, 631),
(128, 631),
(97, 632),
(112, 632),
(115, 633),
(117, 633),
(96, 634),
(114, 634),
(116, 634),
(120, 634),
(129, 634),
(98, 635),
(109, 635),
(101, 636),
(117, 636),
(121, 636),
(128, 636),
(99, 637),
(120, 637),
(123, 638),
(97, 639),
(112, 639),
(126, 640),
(128, 640),
(96, 641),
(109, 641),
(117, 641),
(105, 642),
(111, 643),
(114, 643),
(115, 643),
(119, 643),
(120, 643),
(122, 643),
(111, 645),
(125, 645),
(121, 646),
(128, 646),
(98, 647),
(114, 648),
(115, 648),
(116, 648),
(119, 648),
(121, 649),
(128, 649),
(96, 650),
(112, 650),
(114, 650),
(116, 651),
(122, 651),
(123, 651),
(107, 652),
(120, 653),
(124, 653),
(96, 654),
(117, 654),
(120, 654),
(111, 655),
(124, 655),
(97, 657),
(110, 657),
(105, 658),
(119, 658),
(123, 658),
(98, 659),
(113, 659),
(127, 659),
(113, 660),
(97, 661),
(104, 661),
(125, 662),
(121, 663),
(107, 665),
(125, 665),
(97, 666),
(110, 666),
(114, 666),
(126, 666),
(96, 667),
(97, 667),
(108, 667),
(122, 667),
(99, 668),
(101, 668),
(107, 668),
(112, 668),
(123, 668),
(101, 669),
(108, 669),
(109, 670),
(110, 670),
(98, 671),
(104, 672),
(107, 672),
(123, 672),
(99, 673),
(109, 673),
(121, 673),
(126, 673),
(105, 674),
(118, 674),
(97, 675),
(119, 675),
(127, 675),
(116, 676),
(117, 676),
(119, 676),
(103, 677),
(114, 677),
(117, 677),
(123, 677),
(98, 679),
(120, 679),
(101, 680),
(111, 680),
(120, 680),
(108, 681),
(111, 681),
(123, 681),
(125, 681),
(127, 681),
(96, 682),
(110, 682),
(113, 682),
(116, 682),
(117, 682),
(129, 682),
(117, 683),
(105, 684),
(109, 684),
(111, 685),
(118, 685),
(97, 686),
(111, 686),
(117, 686),
(98, 687),
(118, 687),
(126, 689),
(127, 689),
(106, 691),
(109, 691),
(96, 692),
(105, 692),
(114, 692),
(128, 692),
(117, 693),
(124, 693),
(116, 694),
(122, 694),
(127, 694),
(104, 695),
(114, 695),
(119, 695),
(125, 695),
(126, 697),
(98, 698),
(127, 699),
(103, 701),
(113, 702),
(115, 702),
(116, 702),
(129, 702),
(99, 703),
(112, 703),
(129, 703),
(96, 704),
(120, 704),
(128, 704),
(101, 705),
(114, 705),
(121, 705),
(122, 705),
(108, 706),
(127, 706),
(109, 707),
(113, 707),
(120, 707),
(124, 707),
(119, 708),
(103, 709),
(109, 709),
(122, 709),
(123, 709),
(126, 709),
(101, 710),
(120, 711),
(113, 712),
(106, 713),
(115, 713),
(99, 715),
(103, 715),
(108, 715),
(126, 715),
(128, 715),
(105, 716),
(107, 716),
(114, 716),
(123, 716),
(99, 717),
(126, 717),
(99, 718),
(106, 718),
(107, 718),
(110, 718),
(117, 718),
(103, 719),
(105, 719),
(106, 719),
(111, 719),
(100, 720),
(101, 720),
(106, 721),
(117, 721),
(118, 721),
(124, 721),
(103, 722),
(126, 722),
(109, 723),
(113, 723),
(120, 723),
(100, 724),
(101, 724),
(106, 724),
(117, 724),
(126, 724),
(112, 726),
(107, 727),
(99, 728),
(114, 728),
(122, 728),
(128, 728),
(97, 729),
(98, 729),
(110, 730),
(112, 730),
(101, 731),
(99, 732),
(112, 734),
(111, 735),
(99, 736),
(106, 736),
(108, 736),
(118, 736),
(96, 737),
(107, 737),
(125, 737),
(123, 738),
(98, 740),
(108, 740),
(114, 740),
(100, 741),
(113, 742),
(98, 744),
(96, 745),
(97, 745),
(126, 745),
(101, 746),
(119, 746),
(126, 746),
(129, 746),
(105, 748),
(114, 748),
(123, 748),
(128, 748),
(97, 749),
(113, 750),
(123, 750),
(104, 751),
(114, 751),
(129, 751),
(99, 752),
(119, 752),
(99, 754),
(112, 754),
(120, 754),
(106, 755),
(113, 755),
(117, 756),
(129, 756),
(113, 757),
(119, 757),
(111, 758),
(116, 758),
(100, 759),
(111, 759),
(119, 760),
(125, 761),
(98, 762),
(113, 763),
(125, 763),
(99, 764),
(108, 764),
(126, 764),
(96, 765),
(114, 765),
(122, 766),
(107, 767),
(122, 767),
(106, 768),
(109, 768),
(113, 770),
(115, 770),
(129, 770),
(98, 771),
(115, 771),
(126, 771),
(101, 772),
(107, 772),
(114, 772),
(124, 772),
(100, 773),
(107, 773),
(115, 773),
(103, 774),
(112, 774),
(116, 774),
(97, 775),
(108, 775),
(111, 775),
(99, 776),
(105, 776),
(108, 776),
(120, 776),
(123, 777),
(107, 778),
(118, 779),
(106, 780),
(125, 780),
(123, 781),
(128, 781),
(129, 781),
(99, 782),
(107, 782),
(110, 782),
(120, 782),
(104, 783),
(108, 784),
(126, 784),
(106, 785),
(125, 785),
(129, 785),
(103, 786),
(126, 786),
(109, 787),
(111, 787),
(114, 787),
(125, 787),
(129, 787),
(99, 788),
(119, 789),
(121, 789),
(97, 790),
(110, 790),
(113, 790),
(122, 790),
(104, 791),
(104, 792),
(99, 794),
(116, 794),
(108, 795),
(129, 795),
(115, 796),
(97, 797),
(103, 797),
(108, 798),
(98, 799),
(116, 800),
(127, 800),
(109, 801),
(115, 801),
(97, 802),
(101, 802),
(124, 802),
(122, 803),
(109, 804),
(120, 804),
(103, 805),
(104, 806),
(117, 806),
(97, 807),
(104, 807),
(115, 808),
(125, 808),
(101, 809),
(107, 809),
(117, 809),
(122, 809),
(125, 809),
(96, 810),
(98, 810),
(101, 810),
(120, 810),
(127, 810),
(117, 811),
(129, 811),
(129, 812),
(104, 813),
(116, 813),
(123, 813),
(98, 814),
(113, 814),
(105, 815),
(119, 815),
(121, 815),
(128, 815),
(109, 816),
(112, 817),
(105, 818),
(122, 818),
(127, 818),
(99, 819),
(104, 819),
(110, 819),
(114, 819),
(127, 819),
(118, 820),
(110, 821),
(115, 821),
(120, 822),
(124, 822),
(113, 823),
(116, 823),
(124, 823),
(109, 824),
(110, 824),
(96, 825),
(113, 825),
(112, 826),
(121, 826),
(124, 826),
(100, 827),
(129, 827),
(103, 828),
(126, 828),
(121, 829),
(99, 831),
(114, 833),
(123, 833),
(126, 835),
(122, 836),
(112, 837),
(101, 839),
(124, 839),
(125, 839),
(126, 839),
(127, 839),
(114, 840),
(98, 841),
(96, 842),
(114, 842),
(122, 842),
(127, 842),
(97, 844),
(110, 844),
(124, 844),
(126, 844),
(104, 846),
(108, 846),
(105, 848),
(113, 848),
(127, 848),
(110, 849),
(115, 850),
(111, 851),
(112, 851),
(115, 851),
(121, 851),
(111, 852),
(112, 852),
(100, 853),
(100, 854),
(115, 854),
(118, 854),
(103, 855),
(115, 855),
(118, 855),
(122, 855),
(124, 855),
(101, 856),
(110, 856),
(113, 856),
(123, 858),
(122, 859),
(109, 860),
(118, 860),
(129, 860),
(106, 861),
(108, 861),
(113, 861),
(114, 861),
(96, 863),
(107, 863),
(106, 864),
(116, 864),
(124, 864),
(128, 864),
(100, 865),
(110, 865),
(120, 865),
(101, 866),
(116, 866),
(122, 866),
(100, 867),
(120, 867),
(127, 867),
(106, 868),
(120, 868),
(126, 868),
(115, 869),
(122, 870),
(100, 871),
(109, 872),
(117, 872),
(108, 873),
(114, 873),
(122, 873),
(127, 873),
(108, 874),
(115, 874),
(119, 874),
(122, 874),
(123, 874),
(127, 874),
(96, 875),
(104, 876),
(120, 876),
(98, 877),
(114, 877),
(115, 877),
(127, 877),
(96, 878),
(107, 878),
(117, 879),
(125, 879),
(98, 880),
(110, 880),
(96, 881),
(97, 881),
(117, 881),
(127, 881),
(101, 882),
(117, 882),
(118, 882),
(123, 882),
(103, 883),
(111, 883),
(114, 883),
(129, 883),
(106, 884),
(114, 884),
(121, 885),
(106, 886),
(113, 886),
(114, 886),
(107, 888),
(114, 888),
(115, 889),
(105, 890),
(126, 891),
(107, 892),
(121, 892),
(128, 892),
(108, 893),
(114, 893),
(116, 893),
(101, 894),
(123, 894),
(96, 895),
(123, 896),
(124, 896),
(129, 896),
(98, 897),
(110, 898),
(114, 898),
(103, 899),
(117, 899),
(101, 900),
(114, 900),
(116, 900),
(106, 901),
(107, 901),
(98, 902),
(99, 902),
(113, 902),
(125, 902),
(108, 903),
(126, 904),
(110, 905),
(99, 907),
(117, 907),
(105, 908),
(106, 908),
(128, 908),
(97, 909),
(115, 909),
(104, 910),
(107, 910),
(112, 910),
(125, 911),
(110, 913),
(111, 913),
(106, 914),
(108, 915),
(121, 915),
(122, 915),
(126, 915),
(110, 916),
(124, 916),
(125, 917),
(107, 918),
(110, 918),
(115, 919),
(122, 919),
(127, 919),
(107, 920),
(109, 920),
(118, 920),
(128, 920),
(99, 921),
(105, 921),
(105, 922),
(115, 922),
(125, 922),
(103, 923),
(117, 923),
(120, 923),
(126, 923),
(105, 924),
(109, 924),
(122, 924),
(128, 924),
(96, 925),
(107, 925),
(108, 925),
(122, 925),
(111, 926),
(112, 927),
(110, 928),
(122, 930),
(96, 931),
(107, 932),
(108, 932),
(109, 932),
(112, 932),
(122, 932),
(123, 933),
(123, 934),
(127, 934),
(105, 936),
(118, 936),
(127, 936),
(117, 937),
(124, 937),
(128, 937),
(99, 939),
(127, 939),
(101, 940),
(117, 940),
(103, 941),
(104, 941),
(112, 941),
(126, 941),
(129, 942),
(99, 944),
(110, 945),
(116, 945),
(97, 946),
(115, 946),
(100, 947),
(109, 947),
(110, 947),
(129, 947),
(122, 948),
(111, 950),
(101, 951),
(121, 951),
(126, 951),
(129, 951),
(106, 952),
(106, 953),
(117, 954),
(118, 954),
(96, 955),
(97, 955),
(103, 955),
(106, 955),
(109, 955),
(116, 955),
(120, 956),
(127, 956),
(99, 957),
(106, 957),
(122, 957),
(96, 959),
(101, 959),
(103, 959),
(127, 959),
(97, 960),
(104, 961),
(103, 963),
(107, 963),
(117, 963),
(119, 965),
(122, 966),
(111, 968),
(123, 968),
(125, 968),
(100, 969),
(101, 969),
(106, 969),
(123, 969),
(124, 969),
(126, 969),
(107, 970),
(110, 971),
(129, 971),
(115, 972),
(128, 974),
(129, 974),
(97, 975),
(121, 975),
(99, 976),
(101, 976),
(106, 977),
(109, 977),
(117, 977),
(101, 978),
(117, 978),
(98, 979),
(119, 979),
(96, 980),
(101, 980),
(128, 980),
(99, 981),
(107, 982),
(127, 982),
(97, 983),
(123, 983),
(127, 983),
(128, 983),
(126, 984),
(117, 985),
(122, 985),
(98, 986),
(110, 987),
(119, 987),
(124, 987),
(99, 988),
(105, 989),
(117, 989),
(109, 990),
(110, 990),
(96, 991),
(98, 991),
(104, 991),
(120, 991),
(101, 992),
(117, 993),
(107, 994),
(110, 994),
(107, 995),
(113, 996),
(122, 996),
(125, 996),
(97, 997),
(113, 997),
(120, 997),
(106, 998);

-- --------------------------------------------------------

--
-- Table structure for table `teachers`
--

DROP TABLE IF EXISTS `teachers`;
CREATE TABLE IF NOT EXISTS `teachers` (
  `tid` int(11) NOT NULL AUTO_INCREMENT,
  `first_name` varchar(255) NOT NULL,
  `last_name` varchar(255) NOT NULL,
  `age` int(11) NOT NULL,
  `gender` varchar(20) NOT NULL,
  `phone_number` varchar(20) NOT NULL,
  PRIMARY KEY (`tid`)
) ENGINE=InnoDB AUTO_INCREMENT=51 DEFAULT CHARSET=utf8;

--
-- Dumping data for table `teachers`
--

INSERT INTO `teachers` (`tid`, `first_name`, `last_name`, `age`, `gender`, `phone_number`) VALUES
(1, 'Abd alhamid', 'Alwaeer', 40, 'Male', '0926584573'),
(2, 'Abd Alsalam', 'Alshareef', 45, 'Male', '092222222'),
(3, 'Katelynn', 'Labadie', 39, ' Female', '923772659'),
(4, 'Colleen', 'Gaylord', 35, 'Male', '929596826'),
(5, 'Hassan', 'Ali', 41, 'Male', '0925554444'),
(6, 'Jacinto', 'Watsica', 21, 'Male', '920731852'),
(7, 'Liana', 'Willms', 23, 'Male', '920654028'),
(8, 'Dorthy', 'Leannon', 38, ' Female', '926076064'),
(9, 'Eva', 'Nienow', 30, ' Female', '923743193'),
(10, 'Norberto', 'Ferry', 31, ' Female', '926637116'),
(11, 'Lysanne', 'Keebler', 45, 'Male', '921201797'),
(13, 'Jessie', 'Morissette', 48, ' Female', '913495858'),
(14, 'Lisa', 'Bechtelar', 36, 'Male', '927251717'),
(15, 'Ricardo', 'Kunde', 24, 'Male', '918655129'),
(17, 'Vincent', 'Huels', 48, 'Male', '922893518'),
(18, 'Bethel', 'Kihn', 24, ' Female', '911716601'),
(19, 'Royal', 'Ratke', 27, ' Female', '928536151'),
(20, 'Roma', 'Kub', 48, ' Female', '926747070'),
(21, 'Johann', 'Williamson', 28, ' Female', '914322486'),
(22, 'Maryjane', 'Haley', 31, ' Female', '921012238'),
(23, 'Trisha', 'Stanton', 45, 'Male', '923220813'),
(24, 'Lysanne', 'Cassin', 25, ' Female', '912472730'),
(25, 'Fannie', 'Towne', 32, 'Male', '929325440'),
(26, 'Jaylin', 'Hodkiewicz', 25, ' Female', '923825154'),
(27, 'Claude', 'Mann', 20, 'Male', '912843594'),
(28, 'Lori', 'Eichmann', 33, 'Male', '912345542'),
(29, 'Linnea', 'Bailey', 30, ' Female', '919371545'),
(30, 'Damian', 'Schroeder', 38, 'Male', '917628316'),
(31, 'Gideon', 'Hyatt', 32, 'Male', '929542704'),
(32, 'Sibyl', 'O\'Connell', 45, ' Female', '928767285'),
(33, 'Angeline', 'McKenzie', 40, 'Male', '916242677'),
(34, 'Haylie', 'Yundt', 45, 'Male', '916918714'),
(35, 'Jeanette', 'Bahringer', 49, ' Female', '921261693'),
(36, 'Harmon', 'Blanda', 48, ' Female', '912489684'),
(37, 'Philip', 'Flatley', 29, 'Male', '912926089'),
(38, 'Anita', 'Veum', 39, ' Female', '928122905'),
(39, 'Ignacio', 'Hayes', 40, ' Female', '925973604'),
(40, 'Judah', 'Schumm', 45, 'Male', '924058345'),
(41, 'Waldo', 'Dare', 50, 'Male', '915638295'),
(42, 'Gerardo', 'Roberts', 25, 'Male', '929296289'),
(43, 'Martine', 'Kozey', 36, ' Female', '914670743'),
(44, 'Linnie', 'Carroll', 34, ' Female', '919184846'),
(45, 'Melisa', 'Crona', 39, 'Male', '911985574'),
(46, 'Anita', 'Murray', 49, ' Female', '925789551'),
(47, 'Janelle', 'Cremin', 48, 'Male', '921959617'),
(48, 'Wendell', 'Crooks', 49, ' Female', '927167233'),
(49, 'Jarrell', 'O\'Hara', 43, 'Male', '920013698'),
(50, 'Delmer', 'Kris', 50, ' Female', '914091853');

-- --------------------------------------------------------

--
-- Table structure for table `teacher_teaches_course`
--

DROP TABLE IF EXISTS `teacher_teaches_course`;
CREATE TABLE IF NOT EXISTS `teacher_teaches_course` (
  `tid` int(11) NOT NULL,
  `cid` int(11) NOT NULL,
  PRIMARY KEY (`tid`,`cid`),
  KEY `cid` (`cid`)
) ENGINE=InnoDB DEFAULT CHARSET=utf8;

--
-- Dumping data for table `teacher_teaches_course`
--

INSERT INTO `teacher_teaches_course` (`tid`, `cid`) VALUES
(1, 97),
(6, 98),
(7, 99),
(11, 100),
(8, 101),
(13, 103),
(7, 105),
(13, 106),
(1, 107),
(2, 108),
(11, 110),
(3, 111),
(9, 113),
(1, 115),
(2, 116),
(3, 117),
(7, 118),
(4, 119),
(8, 120),
(11, 121),
(1, 126),
(6, 129),
(5, 130),
(15, 131),
(4, 133),
(1, 134),
(14, 138),
(10, 140),
(4, 142),
(6, 145);

-- --------------------------------------------------------

--
-- Table structure for table `users`
--

DROP TABLE IF EXISTS `users`;
CREATE TABLE IF NOT EXISTS `users` (
  `username` varchar(255) NOT NULL,
  `password` varchar(255) NOT NULL,
  PRIMARY KEY (`username`)
) ENGINE=InnoDB DEFAULT CHARSET=utf8;

--
-- Dumping data for table `users`
--

INSERT INTO `users` (`username`, `password`) VALUES
('admin', '21232f297a57a5a743894a0e4a801fc3'),
('mahmoud', 'e10adc3949ba59abbe56e057f20f883e');

--
-- Constraints for dumped tables
--

--
-- Constraints for table `student_takes_course`
--
ALTER TABLE `student_takes_course`
  ADD CONSTRAINT `student_takes_course_ibfk_2` FOREIGN KEY (`sid`) REFERENCES `students` (`sid`) ON DELETE CASCADE ON UPDATE CASCADE,
  ADD CONSTRAINT `student_takes_course_ibfk_3` FOREIGN KEY (`cid`) REFERENCES `courses` (`cid`) ON DELETE CASCADE ON UPDATE CASCADE;

--
-- Constraints for table `teacher_teaches_course`
--
ALTER TABLE `teacher_teaches_course`
  ADD CONSTRAINT `teacher_teaches_course_ibfk_1` FOREIGN KEY (`cid`) REFERENCES `courses` (`cid`) ON DELETE CASCADE ON UPDATE CASCADE,
  ADD CONSTRAINT `teacher_teaches_course_ibfk_2` FOREIGN KEY (`tid`) REFERENCES `teachers` (`tid`) ON DELETE CASCADE ON UPDATE CASCADE;
COMMIT;

/*!40101 SET CHARACTER_SET_CLIENT=@OLD_CHARACTER_SET_CLIENT */;
/*!40101 SET CHARACTER_SET_RESULTS=@OLD_CHARACTER_SET_RESULTS */;
/*!40101 SET COLLATION_CONNECTION=@OLD_COLLATION_CONNECTION */;
